꽃 이름,색,봄,여름,가을,겨울,향기,가격,사용,꽃말,알러지,꽃말(설명)
장미,빨간색,1,0,1,0,강한향,2000,꽃다발,낭만적인사랑,O,"장미의 꽃말인 '낭만적인 사랑'은 깊고 열정적인 감정의 표현입니다. 이 꽃은 진심을 다해 사랑하는 사람에게 자신의 순수하고 변하지 않는 애정을 전달하고자 할 때 이상적입니다. 낭만적인 기념일, 프러포즈, 혹은 사랑을 새롭게 시작하려는 중요한 순간에 장미를 선물하면, 그 깊은 감정과 성실한 마음이 잘 전달될 것입니다."
장미,노란색,1,0,1,0,강한향,2000,꽃다발,"질투, 증오, 배신",O,"장미의 꽃말인 질투, 증오, 배신은 강렬하고 복잡한 인간 감정을 상징합니다. 이 꽃은 사랑과 열정의 상징으로 잘 알려져 있지만, 그만큼 감정의 양면성을 표현하는 데 적합합니다. 이러한 장미는 관계에서 신뢰가 깨진 경우나 배신감을 느꼈을 때 그 감정을 표현하고자 하는 상황에 적합할 수 있습니다. 키워드로는 '복잡함', '감정의 깊이', '신뢰의 상실' 등이 있습니다."
장미,초록색,1,0,1,0,강한향,2000,꽃다발,천상의 고귀한 사랑,O,"장미의 꽃말인 '천상의 고귀한 사랑'은 지고하고 순수한 애정을 의미합니다. 이는 흔들림 없는 신뢰와 깊은 감정적 유대를 상징하며, 존경과 경외감을 포함하는 사랑을 나타냅니다. 이러한 감정을 표현하고자 할 때, 장미는 오랜 기간 동안 동반자와 함께 성장하고 깊은 애정을 쌓아온 배우자나 연인에게, 특히 기념일이나 중요한 순간에 적합한 선물이 될 수 있습니다."
장미,파란색,1,0,1,0,강한향,2000,꽃다발,"기적, 포기하지 않는 사랑",O,"장미의 꽃말인 '기적'과 '포기하지 않는 사랑'은 끝없는 헌신과 불가능을 가능으로 바꾸는 힘의 상징입니다. 이는 희망과 믿음을 잃지 않고 어려움 속에서도 사랑을 지켜내는 강인한 정신을 나타냅니다. 이러한 장미는 오랜 시간 동안 어려움을 겪고 있거나 관계의 위기를 맞이한 사람에게 특히 의미가 깊으며, 그들에게 격려와 용기를 제공하는 상징적인 선물이 될 수 있습니다.
"
장미,보라색,1,0,1,0,강한향,2000,꽃다발,영원한 사랑,O,"장미의 꽃말인 '영원한 사랑'은 변치 않는 애정과 깊은 헌신을 표현합니다. 이는 강렬하고 순수한 감정의 상징으로, 사랑하는 이에게 깊이 있는 감정을 전달하고자 할 때 매우 적합합니다. 특히 결혼기념일, 중요한 연인과의 기념일 또는 오랜 시간을 함께한 파트너에게 이 꽃을 선물하면 그들의 마음에 우아하고도 뜻깊은 감동을 줄 수 있습니다."
장미,분홍색,1,0,1,0,강한향,2000,꽃다발,행복한 사랑,O,"장미의 꽃말인 '행복한 사랑'은 따뜻하고 충만한 감정을 나타냅니다. 이 꽃은 서로에 대한 깊은 애정과 만족스러운 관계를 지속하고자 하는 마음을 상징합니다. 따라서, 장미는 연인 간의 기념일, 결혼기념일 또는 서로의 사랑을 다시 한번 확인하고 싶은 특별한 순간에 가장 적합한 선물이 될 수 있습니다. 이 꽃은 사랑의 아름다움과 영속성을 강조하는 동시에, 두 사람이 함께 이루어 낸 행복에 대한 감사의 표현으로도 사용됩니다."
장미,하얀색,1,0,1,0,강한향,2000,꽃다발,"순수, 결백, 젊음, 새로운시작",O,"장미의 꽃말인 순수, 결백, 젊음, 새로운 시작은 맑고 순결한 마음과 새로운 인생의 장을 열 준비가 되어 있음을 나타냅니다. 이는 특히 졸업이나 새로운 직장을 시작하는 젊은이들에게 응원과 축하의 메시지를 전달하고자 할 때 매우 적합합니다. 장미는 그들의 새로운 여정에서 순수한 열정과 끊임없는 도전정신을 상징하여, 그들이 앞으로 나아갈 길에 긍정적인 기운을 불어넣어 줄 수 있습니다."
장미,검은색,1,0,1,0,강한향,2000,꽃다발,당신은 영원히 나의 것,O,"장미의 꽃말 ""당신은 영원히 나의 것""은 깊은 헌신과 끊임없는 사랑을 상징합니다. 이는 변치 않는 감정과 시간이 지나도 변하지 않는 애정을 의미하며, 자신의 사랑이 영원할 것임을 약속하는 강력한 메시지를 전달합니다. 이러한 장미는 오랜 시간 사랑을 키워온 연인이나 부부, 혹은 깊은 우정을 나누는 사이에서 중요한 기념일, 결혼기념일, 또는 재결합의 순간에 주고받기에 특히 적절합니다. 키워드로는 '헌신', '영원한 사랑', '불변함'이 있습니다."
튤립,빨간색,1,0,0,0,강한향,600,꽃다발,사랑의 고백,O,"튤립의 꽃말인 '사랑의 고백'은 따뜻하고 진심 어린 감정의 표현을 상징합니다. 이는 순수하고 성실한 마음에서 우러나오는 감정을 아름답게 전달하려는 의지를 나타내며, 우아하고 섬세한 매력이 담긴 꽃입니다. 사랑하는 사람에게 자신의 진심을 전하고자 할 때, 특히 그 감정이 오랜 시간 동안 신중하게 키워진 경우에 튤립은 매우 적절한 선택이 됩니다. 키워드로는 '진심', '우아함', '성실함'이 있습니다."
튤립,분홍색,1,0,0,0,강한향,600,꽃다발,사랑의 시작,O,"튤립의 꽃말 '사랑의 시작'은 새로운 감정의 발견, 순수하고 신선한 사랑의 감정을 표현합니다. 이는 서로에 대한 호감과 애정이 새롭게 싹트기 시작하는 단계를 나타내며, 성실하고 우아한 방식으로 그 감정을 키워가는 과정을 상징합니다. 따라서, 튤립은 서로에 대한 마음을 처음으로 고백하는 상황이나, 새로운 로맨틱한 관계의 시작을 알리고 싶을 때 특히 적절한 선물이 될 수 있습니다. 이 꽃은 순수함과 재능을 감상하는 이들에게도 의미 있는 선물이 될 것입니다."
튤립,보라색,1,0,0,0,강한향,600,꽃다발,"영원한 사랑, 영원하지 않는 사랑",O,"1. 튤립의 꽃말 ""영원한 사랑, 영원하지 않는 사랑""은 사랑의 복잡함과 변화무쌍함을 상징합니다. 이는 한편으로는 변치 않을 약속과 깊은 애정을 의미하며, 다른 한편으로는 사랑의 변덕스러움과 일시적인 아름다움을 나타냅니다.

2. 튤립은 약혼이나 결혼 기념일 같은 특별한 순간에 짝을 이룬 연인들에게 적합합니다. 이 꽃은 변함없는 사랑의 약속을 상징적으로 표현하고자 할 때, 또는 관계의 현재 상태를 성찰하며 감정의 균형을 맞추려는 의미에서도 주어질 수 있습니다.

3. 키워드로는 '약속', '변화', '성찰'이 있습니다. 튤립은 사랑의 다양한 단계와 감정의 균형을 아름답게 표현하며, 관계의 지속적인 성장과 변화를 상기시키는 꽃입니다."
튤립,노란색,1,0,0,0,강한향,600,꽃다발,"헛된 사랑, 짝사랑",O,"1. 튤립의 꽃말인 '헛된 사랑', '짝사랑'은 이루어질 수 없거나 닿지 않는 감정의 아픔을 상징합니다. 이는 한쪽에서만 느껴지는 감정의 무게와 그 속에서도 변치 않는 애정의 깊이를 드러내는 것이라 할 수 있습니다.
2. 이 꽃은 자신의 감정이 상대에게 전달되지 못하고 있거나, 사랑이 받아들여지지 않는 사람에게 적합합니다. 순수하게 한 사람을 향한 마음을 표현하고자 할 때 의미 깊게 전달될 수 있습니다.
3. 키워드: 순수함, 지속성, 미완성의 아름다움."
튤립,하얀색,1,0,0,0,강한향,600,꽃다발,"추억, 실연, 용서",O,"꽃말인 추억, 실연, 용서가 담긴 튤립은 복잡하지만 섬세한 인간 감정의 스펙트럼을 표현합니다. 추억은 과거의 소중한 순간들을 되새기며, 실연은 사랑의 아픔과 그로 인한 성장을, 용서는 관계의 회복과 내적 평화를 상징합니다. 이러한 튤립은 오랜 시간 관계가 소원해졌거나, 이별 후 화해를 원하는 이들에게, 또는 과거를 회상하며 용서와 화해의 메시지를 전달하고자 할 때 적합합니다. 키워드로는 '회복', '성찰', '내적 평화' 등이 어울립니다."
튤립,검은색,1,0,0,0,강한향,600,꽃다발,당신을 저주합니다,O,"1. 튤립의 꽃말 ""당신을 저주합니다""는 분노, 실망, 또는 배신감과 같은 강한 부정적 감정을 표현합니다. 이 꽃말은 깊은 상처나 억울함을 겪은 이의 마음을 반영하며, 감정적 고통이나 불행을 상대방에게 전달하고자 할 때 사용될 수 있습니다.

2. 이 꽃은 배신이나 심각한 오해로 인해 깊은 상처를 받은 사람이 자신의 감정을 표현하고자 할 때 적절할 수 있습니다. 예를 들어, 친밀했던 관계에서 신뢰가 깨진 경우, 상대에게 자신의 상처와 실망감을 전달하고자 할 때 튤립을 선택할 수 있습니다.

3. 키워드: 배신, 분노, 실망, 상처, 감정적 고통"
카네이션,빨간색,0,1,0,0,강한향,1600,어버이날,"모정, 부인의 애정",O,"카네이션의 꽃말인 '모정'과 '부인의 애정'은 깊은 사랑과 헌신, 그리고 끝없는 보살핌을 상징합니다. 이 꽃은 어머니나 부인이 자신의 가족에게 보여주는 무조건적인 사랑과 지속적인 지지를 표현하는 데 매우 적합합니다. 어머니의 날이나 결혼 기념일, 혹은 가족을 향한 감사의 마음을 전하고 싶은 특별한 순간에 이 꽃을 선물하는 것은 사랑과 성실함, 그리고 헌신의 감정을 아름답게 전달할 수 있는 방법입니다."
카네이션,분홍색,0,1,0,0,강한향,1600,꽃다발,"사랑의 고백, 감사하는 마음",O,"카네이션의 꽃말인 '사랑의 고백'과 '감사하는 마음'은 강렬하면서도 따뜻한 감정의 표현을 의미합니다. 이 꽃은 사랑의 순수함과, 받은 사랑과 도움에 대한 진심 어린 감사를 전하고자 할 때 특히 적합합니다. 따라서, 오랜 시간 동안 당신을 지지하고 응원해준 사람에게 고마움을 전하거나, 오랫동안 마음 속에 간직해온 사랑을 고백하고 싶은 순간에 카네이션을 선물하는 것이 좋습니다. 이 꽃은 성실함, 우아함, 재능, 순수함과 같은 키워드와 잘 어울리며, 포기하지 않는 마음을 담아 감사와 사랑을 전달할 수 있습니다."
카네이션,노란색,0,1,0,0,강한향,1600,꽃다발,"거절, 실망, 질투, 경멸",O,"카네이션의 꽃말인 거절, 실망, 질투, 경멸은 감정적인 면에서 복잡하고 때로는 부정적인 상황을 내포하고 있습니다. 이 꽃은 감정적으로 힘든 시간을 겪고 있는 사람, 관계에서 실망을 경험하거나, 표현되지 못한 부정적인 감정을 가진 사람에게 적합할 수 있습니다. 이러한 상황에서 카네이션은 감정의 진실성과 솔직함을 전달하는 매개체로서, 사랑하는 사람과의 소통을 위해 사용될 수 있습니다."
카네이션,파란색,0,1,0,0,강한향,1600,결혼,영원한 행복,O,"1. 카네이션의 꽃말인 '영원한 행복'은 지속적이고 변하지 않는 긍정적인 감정을 상징합니다. 이는 안정감과 지속적인 사랑을 함께 느끼게 해주며, 모든 시련과 변화 속에서도 변하지 않을 행복을 의미합니다.

2. 카네이션은 결혼 기념일, 부모님 생신, 또는 오랜 시간을 함께한 친구에게 적합한 꽃입니다. 특히, 오랜 시간 동안 변함없는 사랑과 지지를 보여주고 싶은 상황에서 그 의미가 깊게 다가갈 것입니다.

3. 키워드: 영원함, 안정감, 지속적인 사랑"
카네이션,보라색,0,1,0,0,강한향,1600,꽃다발,"기품, 자랑, 자유",O,"카네이션의 꽃말인 기품, 자랑, 자유는 자신의 삶과 선택에 대한 자부심과 우아함을 나타냅니다. 이 꽃은 자신의 독립적인 정신과 개성을 자랑스럽게 여기는 이들에게 특히 의미가 있습니다. 예컨대, 새로운 경로를 선택하거나 중요한 인생 결정을 스스로 내린 사람에게 카네이션은 그들의 용기와 자유를 축하하며, 그들이 가진 내면의 기품과 자부심을 존중하는 메시지를 전달할 수 있습니다."
카네이션,하얀색,0,1,0,0,강한향,1600,꽃다발,내 사랑은 살아있어요,O,"카네이션의 꽃말 ""내 사랑은 살아있어요""는 변함없는 애정과 지속적인 사랑을 표현합니다. 이는 깊은 애착과 끈기 있는 사랑의 강렬한 감정을 나타내며, 시간이 지나도 변하지 않는 성실함과 우아함을 상징합니다. 이 꽃은 오랜 시간 사랑을 키워온 연인이나, 어려움 속에서도 서로를 향한 사랑을 견고히 지켜낸 부부에게 특히 적합하며, 재회나 기념일 같은 특별한 순간에 그 감정을 더욱 뜻깊게 전달할 수 있습니다."
모란,빨간색,1,1,0,0,무향,1000,꽃다발,열정적인 사랑,X,"모란의 꽃말인 '열정적인 사랑'은 불타오르는 감정과 깊은 애정을 상징합니다. 이 꽃은 강렬하고 지속적인 사랑의 감정을 표현하고자 할 때 탁월한 선택입니다. 예를 들어, 오랜 시간 변함없는 사랑을 지켜온 파트너에게 감사의 마음을 전하거나, 깊은 열정을 가진 사람에게 감명 받았을 때 그 마음을 표현하는 데 적합합니다. 이 꽃은 성실함과 우아함을 겸비한 강렬한 사랑의 상징으로, 결코 포기하지 않는 사랑의 힘을 나타냅니다."
모란,보라색,1,1,0,0,무향,1000,꽃다발,우아함,X,"모란의 꽃말인 '우아함'은 세련되고 고상한 아름다움을 표현하며, 한결 같은 품격과 절제된 아름다움을 나타냅니다. 이 꽃은 특별한 날이나 중요한 행사에 참석하는 사람에게 적합하며, 그들의 섬세하고 우아한 이미지를 강조하고 싶을 때 탁월한 선택입니다. 모란은 또한 자신을 당당하고 우아하게 표현하고자 하는 사람들에게 격려와 칭찬의 의미로 선물하기에도 아주 좋습니다."
모란,노란색,1,1,0,0,무향,1000,축하,"기쁨, 용기, 새로운 시작",X,"모란의 꽃말인 기쁨, 용기, 새로운 시작은 인생의 중요한 전환점에서 긍정적인 감정과 적극적인 태도를 격려합니다. 이 꽃은 새로운 장을 열 준비가 된 사람에게 힘과 용기를 주며, 그들의 새로운 출발을 축하하는 의미를 담고 있습니다. 졸업, 새 직장, 이사 등 새로운 시작을 앞둔 사람에게 모란을 선물하는 것은 그들의 용기와 기쁨을 공유하고, 그 순간을 더욱 특별하게 만들어 줄 것입니다."
모란,하얀색,1,1,0,0,무향,1000,축하,"부귀, 화려, 변영",X,"모란의 꽃말인 '부귀', '화려', '변영'은 풍요로움과 화려함, 그리고 지속적인 변화와 성장을 상징합니다. 이는 성공과 번영을 추구하며, 삶에서 끊임없이 발전하고자 하는 열망을 내포하고 있습니다. 따라서 이 꽃은 사업가나 예술가 같이 자신의 분야에서 성취를 이루고자 하며, 항상 새로운 변화를 추구하는 사람들에게 특히 적합할 것입니다. 이들에게 모란은 성공과 번영의 소망과 함께, 계속해서 발전하고 성장하기를 바라는 마음을 전달하는 완벽한 선물이 될 수 있습니다."
모란,분홍색,1,1,0,0,무향,1000,축하,"부귀, 화려, 변영",X,"모란의 꽃말인 '부귀', '화려', '변영'은 풍요롭고 화려한 삶을 지향하며, 변화와 성장을 두려워하지 않는 강인함과 우아함을 상징합니다. 이 꽃은 성공을 거두고 새로운 변화의 단계에 접어든 이들에게 특히 의미 깊은 선물이 될 수 있습니다. 예를 들어, 새로운 사업을 시작한 사람이나 승진을 축하하는 자리에서 모란을 선물하면, 그들의 노력과 재능을 인정하고 풍요로운 미래를 기원하는 의미를 전달할 수 있습니다."
아네모네,빨간색,0,0,0,1,무향,1500,꽃다발,"허무한 사랑, 속절없는 사랑, 버림",X,"1. 아네모네의 꽃말인 '허무한 사랑', '속절없는 사랑', '버림'은 일방적이거나 이루어질 수 없는 사랑의 아픔과 쓸쓸함을 표현합니다. 이 꽃은 사랑이 주는 가장 깊은 상처와 슬픔을 상징하면서도 그 안에 내재된 아름다움과 우아함을 잃지 않습니다.

2. 아네모네는 사랑의 아픔을 겪고 있는 친구나 지인에게 전달하기 적절합니다. 이 꽃은 그들의 감정을 세심하게 공감해 주면서, 슬픔 속에서도 희망과 용기를 잃지 말라는 메시지를 전할 수 있습니다.

키워드: 아픔, 우아함, 희망, 공감, 내면의 강함"
아네모네,보라색,0,0,0,1,무향,1500,꽃다발,당신을 믿으며 기다려,X,"아네모네의 꽃말 ""당신을 믿으며 기다려""는 인내와 희망의 감정을 내포하고 있습니다. 이는 상대방에 대한 깊은 신뢰와 믿음을 바탕으로, 어떠한 어려움이나 시간의 흐름 속에서도 변치 않을 의지를 담고 있습니다. 이러한 아네모네는 오랜 시간 동안 소식이 없는 사랑하는 이나, 중요한 결정을 기다리고 있는 친구에게 전하기에 적절하며, 그들에게 용기와 희망을 전달할 수 있는 선물이 될 것입니다."
아네모네,하얀색,0,0,0,1,무향,1500,꽃다발,"진정성, 성실",X,"아네모네의 꽃말인 ""진정성""과 ""성실""은 깊은 신뢰와 변함없는 진실된 마음을 상징합니다. 이 꽃은 진심을 담아 오랜 시간 동안 한결같이 노력하고 헌신하는 사람에게 감사의 마음을 전하고자 할 때 매우 적절합니다. 예를 들어, 오랜 기간 동안 꾸준히 당신을 지원해 준 멘토나 친구에게 이 꽃을 선물함으로써 그들의 노력과 진실된 마음에 대한 감사와 존경을 표현할 수 있습니다."
백합,하얀색,1,1,1,1,강한향,3500,꽃다발,"순수한 사랑, 순결, 깨끗한 사랑",O,"백합의 꽃말인 '순수한 사랑', '순결', '깨끗한 사랑'은 투명하고 결점 없는 감정의 표현입니다. 이는 마음 깊은 곳에서 우러나오는 진실되고 변함없는 애정을 상징하며, 어떠한 이해관계나 조건 없이 상대를 사랑하는 숭고한 감정을 나타냅니다. 이러한 백합은 연인에게 진심을 전하고자 할 때, 또는 결혼식과 같이 순결과 영원한 사랑을 약속하는 상황에서 특히 의미 깊게 사용될 수 있습니다."
백합,분홍색,1,1,1,1,강한향,3500,꽃다발,핑크빛 사랑,O,"1. 핑크빛 사랑이라는 꽃말은 따뜻하고 부드러운 사랑의 감정을 나타냅니다. 이는 초기의 설렘과 순수한 애정을 포함하여, 상대에 대한 깊은 애정과 존중을 의미합니다.

2. 이 꽃은 연인 관계에서 서로가 사랑을 새롭게 확인하거나, 더욱 깊어진 감정을 표현하고 싶을 때 적합합니다. 특히 새로운 사랑이 싹트기 시작했거나, 오랜 파트너에게 여전히 변치 않는 애정을 전하고 싶을 때 주는 것이 좋습니다.

3. 핑크빛 사랑의 백합은 성실함, 순수함, 그리고 포기하지 않는 사랑의 재능을 상징합니다. 이 꽃은 감정의 우아함과 미묘한 강렬함을 동시에 전달하며, 받는 이에게 따스한 위안과 기쁨을 선사합니다."
백합,주황색,1,1,1,1,강한향,3500,꽃다발,명량한 사랑,O,"백합의 꽃말인 '명량한 사랑'은 밝고 긍정적인 에너지를 내포하고 있으며, 사랑이라는 감정을 통해 행복과 기쁨이 넘실대는 모습을 상징합니다. 이 꽃은 희망과 즐거움을 선사하고자 하는 마음을 표현할 때 아주 적합합니다. 따라서 백합은 새로운 시작을 축하하거나, 긍정적이고 희망찬 메시지를 전하고 싶은 이들에게 특히 좋은 선물이 될 수 있습니다. 주요 키워드로는 '희망', '기쁨', '긍정'이 있습니다."
백합,빨간색,1,1,1,1,강한향,3500,꽃다발,"열정, 깨끗함",O,"백합의 꽃말인 열정과 깨끗함은 순수하고 정결한 마음에서 우러나오는 강렬한 열망과 정성을 표현합니다. 이 꽃은 사랑의 시작이 순수하고 진실된 감정에서 비롯될 때, 또는 어떤 목표나 이상에 향한 끊임없는 노력과 헌신을 상징할 때 매우 적절합니다. 특히 새로운 시작을 앞둔 연인이나, 순수한 열정을 가진 예술가, 또는 깨끗한 마음으로 새 출발을 하는 사람에게 백합을 선물하는 것은 그들의 성실함과 우아함을 격려하는 의미를 담을 수 있습니다."
히야신스,빨간색,1,0,0,1,강한향,600,꽃다발,내 마음에 당신의 사랑이 머물러 있습니다,X,"1. 히야신스의 꽃말 ""내 마음에 당신의 사랑이 머물러 있습니다""는 깊은 애정과 변하지 않는 사랑을 표현합니다. 이 꽃은 사랑의 기억이 지속적으로 마음속에 생생하게 남아 있음을 나타내며, 사랑하는 이에 대한 감사와 소중함을 드러냅니다.

2. 히야신스는 오랜 시간 동안 변함없이 한 사람만을 사랑하는 이에게 적합합니다. 특히, 장기간 떨어져 있거나, 어려운 시기를 함께 견뎌낸 연인에게 선물하면 그 의미가 더욱 깊어질 것입니다.

3. 키워드: 지속적인 사랑, 깊은 애정, 변하지 않는 감사"
히야신스,파란색,1,0,0,1,강한향,600,꽃다발,당신이 나를 사랑해 주어 기쁩니다,X,"1. 히야신스의 꽃말 ""당신이 나를 사랑해 주어 기쁩니다""는 상대방에 대한 감사함과 사랑의 화답을 의미합니다. 이 꽃말은 상대방의 애정과 지지에 대한 긍정적이고 따뜻한 감정을 표현하며, 그 사랑이 가져다주는 기쁨과 행복을 강조합니다.

2. 이 꽃은 연인이나 배우자에게 특히 적합합니다. 사랑을 받고 있음을 느끼고, 그 사랑에 감사함을 표현하고 싶은 순간에 히야신스를 선물하면 좋습니다. 또한, 장기간의 관계에서 서로에 대한 사랑과 존중을 재확인하고 싶을 때도 효과적입니다.

3. 키워드: 감사, 사랑의 화답, 행복, 긍정적 감정, 애정의 표현, 관계의 재확인"
히야신스,보라색,1,0,0,1,강한향,600,꽃다발,영원한 사랑,X,"히야신스의 꽃말인 ""영원한 사랑""은 변하지 않는 강렬한 애정과 깊은 정서적 유대를 의미합니다. 이 꽃은 진심을 담아 오랜 시간 동안 변함없이 사랑할 것을 약속하고자 하는 사람들에게 적합합니다. 특히 결혼 기념일, 장기 연인의 생일, 또는 오랜 시간을 함께한 파트너에게 감사의 마음을 전할 때 히야신스는 그 깊은 애정과 충성의 메시지를 완벽하게 전달할 수 있습니다."
히야신스,노란색,1,0,0,1,강한향,600,축하,"용기, 승부",X,"히야신스의 꽃말인 '용기'와 '승부'는 대담하고 결단력 있는 감정을 나타냅니다. 이 꽃은 어려움을 맞닥뜨렸으나 포기하지 않고 도전을 계속하는 사람에게 힘과 용기를 상징적으로 전달하는데 적합합니다. 예를 들어, 새로운 사업을 시작하거나 중대한 시험을 앞둔 이에게 히야신스는 성실함과 재능을 발휘하여 용기 있게 승부를 겨루라는 의미를 담은 격려의 선물이 될 수 있습니다."
프리지아,노란색,1,0,0,1,강한향,970,축하,"기쁨, 우정 당신의 시작을 응원합니다",X,"프리지아의 꽃말인 '기쁨, 우정, 당신의 시작을 응원합니다'는 새로운 시작을 맞이한 사람에게 따뜻한 우정과 긍정적인 에너지를 전달하는 감정을 표현합니다. 이 꽃은 새로운 직업을 시작하거나, 새 학기가 시작되는 학생, 혹은 새로운 인생의 장을 열고자 하는 이들에게 희망과 격려의 메시지를 담아 선물하기에 적절합니다. 프리지아는 그들의 새 출발을 세심하고 진심 어린 마음으로 응원하고, 기쁘고 밝은 미래를 기대하게 하는 감정의 상징입니다."
프리지아,하얀색,1,0,0,1,강한향,970,꽃다발,"순수함, 신뢰, 인내, 새로운 우정, 사려 깊음",X,"프리지아의 꽃말은 순수함과 신뢰, 인내, 새로운 우정, 그리고 사려 깊음을 상징합니다. 이는 매우 섬세하고 진실한 감정의 표현으로, 어떤 관계에서도 기꺼이 기다릴 줄 아는 인내와 상대방을 깊이 이해하고자 하는 사려 깊은 태도를 드러냅니다. 따라서, 새로운 친구에게 신뢰와 우정을 표현하거나, 오랜 시간을 함께 견뎌온 친구에게 감사의 마음을 전할 때 프리지아를 선물하는 것은 그 관계의 소중함과 순수한 마음을 전하는 완벽한 방법이 될 것입니다."
프리지아,빨간색,1,0,0,1,강한향,970,꽃다발,"열정, 사랑, 당신은 아름다워요",X,"프리지아의 꽃말은 깊은 열정과 사랑, 그리고 상대방의 아름다움을 인정하는 감정을 나타냅니다. 이 꽃은 연인간의 사랑을 표현하거나, 오랜 시간 변함없이 서로를 지지하고 사랑하는 관계에서 주기 적절합니다. 특히, 상대방에 대한 감탄과 존경의 마음을 전하고 싶을 때, 프리지아는 그 감정을 우아하고 섬세하게 전달해 줄 수 있는 완벽한 선택이 될 것입니다."
프리지아,주황색,1,0,0,1,강한향,970,꽃다발,"깊은 우정, 행복한 시절, 당신과 함께 있으면",X,"프리지아의 꽃말인 ""깊은 우정, 행복한 시절, 당신과 함께 있으면""은 장기간에 걸쳐 형성된 진실되고 깊이 있는 우정을 상징합니다. 이 꽃은 서로에 대한 신뢰와 사랑이 깊어만 가는 관계에서, 과거의 즐거웠던 순간들을 기억하며 현재도 그 즐거움을 함께 나누고 싶은 마음을 표현할 때 적합합니다. 오랜 친구나 오래된 연인에게, 서로의 존재가 주는 안정감과 행복을 감사하는 의미로 선물하기 좋습니다."
프리지아,분홍색,1,0,0,1,강한향,970,어버이날,"여성스러움, 어머니의 사랑",X,"프리지아의 꽃말인 '여성스러움'과 '어머니의 사랑'은 따뜻함, 배려, 그리고 섬세함을 연상케 합니다. 이 꽃은 모성애가 깃든 사랑과 보호의 감정을 표현하는 데 매우 적합하며, 그 우아함과 섬세한 아름다움은 여성적인 매력과 정성을 상징합니다. 어머니의 날, 여성 가족 구성원의 생일, 혹은 여성스러움과 섬세함을 존중하고 싶을 때 선물하기에 이상적인 꽃입니다."
수선화,하얀색,1,0,0,1,강한향,400,꽃다발,존경과 신비,X,"수선화의 꽃말인 '존경과 신비'는 깊은 감탄과 호기심을 동반한 존중을 표현합니다. 이 꽃은 그 자체로 우아하고 순수한 아름다움을 지니며, 그 신비로움은 보는 이로 하여금 끊임없이 탐구하고 싶은 마음을 불러일으킵니다. 따라서, 자신의 멘토나 롤모델, 혹은 오랜 시간 동안 존경심을 품어온 이에게 감사의 마음을 전하고자 할 때 수선화는 매우 적절한 선택이 됩니다. 이 꽃은 그 사람의 성실함과 재능을 높이 평가하는 당신의 마음을 효과적으로 전달할 수 있습니다."
수선화,노란색,1,0,0,1,강한향,400,꽃다발,"사랑해주세요, 내 곁으로 돌아와 주세요",X,"수선화의 꽃말 ""사랑해주세요, 내 곁으로 돌아와 주세요""는 깊은 애정과 재결합에 대한 강한 열망을 표현합니다. 이 꽃은 상처받았거나 오해로 멀어진 사이를 회복하고자 하는 마음을 담아 전달하는 데 적합합니다. 수선화는 그리움과 용서, 그리고 끈기 있는 사랑의 감정을 아름답게 전달하며, 이별 후 화해를 원하는 상황이나 오랜 시간을 함께하고 싶은 진심을 담은 메시지를 전달할 때 특히 의미가 깊습니다."
수선화,주황색,1,0,0,1,강한향,400,꽃다발,"희망, 봄의 방문",X,"수선화의 꽃말인 '희망'과 '봄의 방문'은 새로운 시작과 긍정적인 전망을 상징합니다. 이 꽃은 어려움을 겪고 있거나 새로운 시작을 앞둔 사람에게 특히 의미가 크며, 그들에게 용기와 자신감을 부여할 수 있습니다. 수선화는 변화의 순간이나 새로운 계절의 시작을 알리며, 그 안에서도 희망을 잃지 않고 전진하라는 메시지를 전달합니다.

키워드: 희망, 새로운 시작, 긍정, 용기, 자신감"
아이리스,보라색,0,1,1,1,은은한향,1800,꽃다발,"헌명함, 존경, 칭찬",X,"아이리스의 꽃말인 헌명함, 존경, 칭찬은 타인에 대한 깊은 존경과 감사의 마음을 표현합니다. 이 꽃은 그 동안의 노력과 헌신을 인정받아 마땅한 사람, 예를 들어 멘토, 선생님, 또는 오랜 시간 동안 헌신적으로 일해온 동료에게 적합합니다. 아이리스는 그들의 노력과 성실함, 그리고 재능을 칭찬하고 그 가치를 존경하는 마음을 전달하는 데에 아주 적절한 꽃입니다."
아이리스,파란색,0,1,1,1,은은한향,1800,꽃다발,"희망, 진실",X,"아이리스의 꽃말인 '희망'과 '진실'은 변함없는 신뢰와 미래에 대한 긍정적 기대를 상징합니다. 이 꽃은 진실된 마음과 끊임없는 희망을 품은 사람에게 특히 의미가 깊으며, 어려운 상황을 겪고 있는 사람에게 용기와 위안을 주는 선물로 적합합니다. 아이리스는 그 자체로 성실함과 재능을 상징하며, 항상 포기하지 않고 앞으로 나아갈 것을 격려하는 강력한 메시지를 전달합니다."
아이리스,노란색,0,1,1,1,은은한향,1800,꽃다발,열정,X,"아이리스의 꽃말인 '열정'은 깊고 강렬한 감정을 상징합니다. 이 꽃은 자신의 꿈과 목표를 향해 매진하는 끊임없는 열정과 헌신을 나타내며, 이러한 감정을 표현하고자 할 때 매우 적절합니다. 예를 들어, 어떤 이가 새로운 사업을 시작하거나 중요한 시험을 앞두고 있을 때, 그들의 열정과 지속적인 노력을 격려하고 싶을 때 아이리스를 선물하는 것이 좋습니다. 이 꽃은 그들의 재능과 성실함을 인정하고, 포기하지 않는 그들의 정신을 지지하는 메시지를 전달할 수 있습니다."
아이리스,하얀색,0,1,1,1,은은한향,1800,꽃다발,"순수함, 결백",X,"아이리스의 꽃말인 '순수함'과 '결백'은 어떠한 외부의 영향이나 타락에서 벗어나 정직하고 깨끗한 마음을 상징합니다. 이 꽃은 특히 새로운 시작을 앞둔 사람, 예를 들어 새로운 직업을 시작하거나 새로운 학교에 입학하는 이들에게 특히 의미 있는 선물이 될 수 있습니다. 아이리스는 이들에게 순수한 의도와 깨끗한 시작을 기원하는 마음을 전달해 줄 것입니다."
수국,파란색,0,1,0,0,은은한향,8500,꽃다발,"냉정, 냉담",O,"1. 수국의 꽃말인 '냉정'과 '냉담'은 감정을 절제하고 객관적인 상태를 유지하는 태도를 나타냅니다. 이는 개인의 감정이나 주변 환경에 휘둘리지 않고, 차분하고 합리적인 결정을 내릴 수 있는 능력을 상징합니다.

2. 수국은 감정적으로 흔들리거나 주관적 판단이 필요하지 않은 업무적, 혹은 학문적 환경에서 균형 잡힌 판단을 요구받는 사람에게 적합합니다. 예를 들어, 중요한 결정을 앞두고 있는 경영자나 연구자에게 이 꽃을 선물하는 것은 그들의 냉정하고 객관적인 판단을 격려하는 의미를 담을 수 있습니다.

3. 키워드: 냉정함, 객관성, 합리적 판단, 감정 절제"
수국,보라색,0,1,0,0,은은한향,8500,꽃다발,첫사랑의 추억,O,"1. 수국의 꽃말인 '첫사랑의 추억'은 순수하고 아련한 감정을 상징합니다. 첫사랑의 설레임과 그 당시의 감정적 순수성, 그리고 미련이나 아쉬움 없이 아름다웠던 순간들을 회상하게 만드는 깊은 정서를 내포하고 있습니다.

2. 이 꽃은 과거의 첫사랑을 아름답게 기억하는 사람에게, 특히 오랜 시간이 지난 후 지금의 삶에서 그 추억을 다시금 소중하게 떠올리고 싶어 하는 이들에게 적합합니다. 그리운 마음을 위로하고, 과거의 순수했던 감정을 다시 한번 소환하며 감사함을 전하는 상황에서 수국을 선물하는 것이 의미가 깊습니다.

3. 키워드: 순수함, 아련함, 추억, 첫사랑, 설렘"
수국,분홍색,0,1,0,0,은은한향,8500,꽃다발,"진실한 사랑, 강한 사랑",O,"수국의 꽃말인 ""진실한 사랑""과 ""강한 사랑""은 끊임없이 변화하는 환경 속에서도 변치 않는 깊고 강한 애정을 상징합니다. 이 꽃은 신뢰와 헌신이 필수적인 관계에서, 특히 장기간 함께하며 서로에 대한 깊은 이해와 애정을 쌓아온 연인이나 부부에게 특히 적합합니다. 수국은 진실된 마음과 변함없는 사랑의 중요성을 전달하고자 할 때, 또는 어려움을 함께 견뎌낸 사이에 감사의 마음을 표현하고자 할 때 주기에 아주 좋은 선택입니다."
해바라기,노란색,0,1,0,0,무향,3900,결혼,"선함, 진실함, 영원함",O,"해바라기의 꽃말인 선함, 진실함, 영원함은 깊은 애정과 변하지 않는 충실함을 나타냅니다. 이 꽃은 항상 태양을 향해 자라나는 것처럼 긍정적이고 열정적인 태도를 상징하며, 진심을 다해 다른 이를 대하는 순수하고 영속적인 마음을 의미합니다. 따라서 해바라기는 오랜 시간 동안 변함없는 사랑과 신뢰를 보여준 사람, 혹은 항상 진실된 마음을 유지하는 사람에게 주는 선물로 적합합니다."
해바라기,하얀색,0,1,0,0,무향,3900,꽃다발,"순수함, 재탄생, 평화",O,"해바라기의 꽃말인 순수함, 재탄생, 평화는 밝고 긍정적인 에너지를 전달합니다. 순수함은 맑고 투명한 마음을, 재탄생은 새로운 시작과 희망을, 평화는 안정과 조화를 의미합니다. 이 꽃은 인생의 새로운 장을 시작하는 사람, 어려움을 극복하고 새로운 희망을 찾는 이들, 또는 화해와 평화를 필요로 하는 상황에 특히 적합합니다. 해바라기는 그들에게 힘과 격려를 주며, 밝은 미래를 향한 긍정적인 단계를 상징하는 선물이 될 수 있습니다."
메리골드,노란색,1,1,1,0,강한향,1000,꽃다발,반드시 오고야 말 행복,O,"1. 메리골드의 꽃말 ""반드시 오고야 말 행복""은 불확실한 현재 상황 속에서도 꿋꿋이 희망을 갖고 끊임없이 노력하는 이의 마음을 상징합니다. 이는 어떤 어려움도 극복하고 결국에는 기쁨과 만족을 얻을 수 있다는 확신과 기대를 내포하고 있습니다.

2. 이 꽃은 직장이나 인생에서 큰 도전에 직면했거나 중요한 시험을 앞둔 사람에게 특히 적합합니다. 메리골드는 이러한 상황에서 인내심을 가지고 노력을 계속하라는 응원의 메시지를 전달하며, 최종적인 성공과 행복을 기약하는 의미를 담고 있습니다.

3. 키워드: 희망, 인내, 최종 성공, 극복, 노력의 지속"
메리골드,주황색,1,1,1,0,강한향,1000,꽃다발,반드시 오고야 말 행복,O,"1. 메리골드의 꽃말 ""반드시 오고야 말 행복""은 희망과 기대를 내포하고 있습니다. 어려움과 고난 속에서도 결국에는 기쁨과 행복이 찾아올 것이라는 확신을 전달하며, 이는 인내와 긍정의 중요성을 강조합니다.

2. 이 꽃은 특히 어려운 시기를 겪고 있는 사람에게 적합합니다. 예를 들어, 큰 시험을 앞두고 있는 학생이나 진로에 대해 고민하는 이들, 혹은 개인적인 어려움을 겪고 있는 친구에게 메리골드를 선물하면, 그들에게 희망의 메시지를 전달하고 용기를 북돋아 줄 수 있습니다.

3. 키워드: 희망, 인내, 긍정, 기대, 격려"
용담초,파란색,0,1,0,0,은은한향,2500,꽃다발,슬퍼하는 당신을 사랑합니다,X,"용담초의 꽃말인 ""슬퍼하는 당신을 사랑합니다""는 슬픔의 순간에도 변함없는 사랑과 지지를 표현합니다. 이 꽃은 어려운 시기를 겪고 있는 사람에게 깊은 연민과 위로를 전달하며, 그들의 감정을 있는 그대로 받아들이고 지지하는 무조건적인 애정을 나타냅니다. 용담초는 특히 상실감이나 고통을 경험하고 있는 친구 또는 연인에게 적절하며, 이 꽃을 통해 '당신의 슬픔 속에서도 당신을 소중히 여긴다'는 메시지를 전할 수 있습니다."
국화,노란색,0,0,1,0,은은한향,2500,꽃다발,"혼자하는 사랑, 짝사랑",O,"국화의 꽃말인 '혼자하는 사랑, 짝사랑'은 마음 깊은 곳의 순수하고 은밀한 감정을 상징합니다. 이는 고독하지만 동시에 숭고한 사랑의 감정을 담고 있으며, 이 사랑이 상대에게 전달되지 않을 수도 있음을 내포하고 있습니다. 이 꽃은 사랑하는 이에게 자신의 감정을 드러내지 못하고 조용히 그 마음을 품고 있는 사람에게 적합하며, 그들의 섬세하고 순수한 마음을 은유적으로 표현해 줄 수 있습니다."
국화,빨간색,0,0,1,0,은은한향,2500,꽃다발,당신을 사랑합니다,O,"국화의 꽃말인 ""당신을 사랑합니다""는 깊고 진실된 애정과 변함없는 사랑을 의미합니다. 이는 상대방에 대한 감정이 세월이 흘러도 변치 않으며, 항상 그 사람을 중요하게 생각하고 있다는 깊은 정서를 표현합니다. 이 꽃은 장기간의 관계에서 서로에 대한 사랑과 존중이 깊어졌음을 확인하는 특별한 순간이나, 오랜 시간을 함께한 연인이나 배우자에게 그들의 가치와 중요성을 다시 한 번 확신시키고자 할 때 아주 적절합니다."
국화,하얀색,0,0,1,0,은은한향,2500,꽃다발,"감사, 진실, 성실",O,"국화의 꽃말인 감사, 진실, 성실은 깊은 감사의 마음과 진실된 태도, 꾸준한 성실함을 표현합니다. 이러한 감정은 오랜 시간 동안 변함없이 지지해준 사람에게 감사를 표현하거나, 언제나 진실되고 성실한 태도를 유지하는 이에게 존경과 신뢰의 마음을 전달할 때 특히 적합합니다. 국화는 친구나 동료, 멘토 또는 교사 같이 일상에서 꾸준히 여러분을 지지하고 영향을 준 사람들에게 감사의 의미로 선물하기 좋은 꽃입니다."
국화,보라색,0,0,1,0,은은한향,2500,꽃다발,내 모든 것을 그대에게,O,"국화의 꽃말인 ""내 모든 것을 그대에게""는 깊은 헌신과 무한한 사랑을 상징합니다. 이는 자신의 모든 것을 아낌없이 주고, 그 사람의 행복을 자신의 행복으로 여기는 순수하고 강렬한 감정의 표현입니다. 이러한 국화는 오랜 시간 동안 변함없이 한 사람만을 사랑하는 이들에게, 또는 자신의 감정을 솔직하게 표현하고자 하는 연인에게 매우 적합한 선물이 될 것입니다."
국화,분홍색,0,0,1,0,은은한향,2500,꽃다발,"정조, 사랑",O,"국화의 꽃말인 '정조'와 '사랑'은 오래 지속되는 충실함과 깊은 애정을 상징합니다. 이 꽃은 변치 않는 사랑과 끈끈한 정을 표현하고 싶은 이들에게 이상적입니다. 특히 오랜 시간을 함께한 파트너, 결혼기념일, 혹은 오랜 우정을 지닌 친구에게 국화를 선물하면 그 감정의 깊이와 지속성을 아름답게 전달할 수 있습니다."
코스모스,하얀색,1,1,1,1,은은한향,400,꽃다발,소녀의 순결,X,"1. 코스모스의 꽃말인 ""소녀의 순결""은 순수하고 깨끗한 마음, 그리고 어린 시절의 청초함과 맑은 정신을 상징합니다. 이 꽃말은 투명하고 순백한 감정의 상태를 의미하며, 모든 것이 시작되는 무해하고 순수한 시작점을 나타냅니다.

2. 코스모스는 어린 여성이나 초롱한 마음을 지닌 사람에게 잘 어울립니다. 특히, 새로운 시작을 앞둔 학생이나 순수한 마음을 가진 사람들에게 격려와 응원의 메시지를 전달하고자 할 때 적합한 선물이 될 수 있습니다.

3. 이 꽃은 '순수함', '청초함', '맑은 시작'과 같은 키워드를 통해 감정적 의미를 더욱 풍부하게 만듭니다."
코스모스,분홍색,1,1,1,1,은은한향,400,꽃다발,"소녀의 순결, 수녀의 진심",X,"1. 코스모스의 꽃말 ""소녀의 순결, 수녀의 진심""은 순수하고 깨끗한 마음, 그리고 깊고 진지한 감정을 표현합니다. 이 꽃은 변함없는 진심과 순수한 애정을 상징하며, 모든 것이 복잡하고 어지러울 때 진실된 마음을 회복하는 데 도움을 줍니다.

2. 코스모스는 특히 젊은 소녀들이나 순수함을 잃지 않으려 노력하는 이들에게 적합합니다. 또한, 깊은 신념을 가지고 자신의 역할에 충실한 수녀나 종교적인 인물에게 선물하기에도 아주 좋습니다. 이 꽃은 순수하고 진실된 마음을 가진 사람들 사이의 우정이나 관계를 강화하는 데 매우 적합합니다.

3. 키워드: 순수함, 진심, 변함없는 애정, 신념의 표현"
코스모스,빨간색,1,1,1,1,은은한향,400,꽃다발,소녀의 사랑,X,"코스모스의 꽃말인 '소녀의 사랑'은 순수하고 설레는 첫사랑의 감정을 상징합니다. 이 꽃은 우아하면서도 섬세한 모습으로, 사랑의 시작을 알리는 순간의 설렘과 풋풋함을 표현합니다. 따라서, 첫사랑을 고백하거나 순수한 애정을 전하고 싶은 청춘들에게 코스모스를 선물하는 것은 그들의 마음을 따뜻하게 해줄 수 있는 아름다운 방법입니다."
코스모스,노란색,1,1,1,1,은은한향,400,꽃다발,"야생의 아름다움, 자연미",X,"1. 코스모스의 꽃말인 ""야생의 아름다움, 자연미""는 자연 그대로의 순수하고 자유로운 아름다움을 의미합니다. 이 꽃말은 꾸밈없이 솔직하고 진실된 감정, 자신만의 독특한 개성과 재능을 소중히 여기는 마음을 상징합니다.

2. 코스모스는 자신의 꿈과 열정을 자유롭게 펼치며 살아가는 사람, 혹은 자연과 깊은 교감을 나누며 생활하는 사람에게 잘 어울립니다. 또한, 일상에서 벗어나 자연 속에서 휴식을 찾거나 새로운 시작을 꿈꾸는 이에게도 적합한 꽃입니다.

3. 이 꽃은 특히 자신만의 길을 가고자 하는 독립적인 정신을 가진 이들에게 힘을 주며, 자연과의 조화를 중시하는 이들에게 평화와 위안을 제공할 수 있습니다."
코스모스,주황색,1,1,1,1,은은한향,400,꽃다발,야성적인 아름다움,X,"코스모스의 꽃말인 ""야성적인 아름다움""은 자연 그대로의 순수하고 원시적인 매력을 상징합니다. 이 꽃은 외면적인 아름다움뿐만 아니라 내면의 강인함과 자유로운 영혼을 표현하는 데 적합하며, 자신만의 독특한 스타일과 개성을 가진 사람에게 특히 의미가 깊습니다. 코스모스는 자신의 길을 자신감 있게 걸어가는 이들, 혹은 일상에서 벗어나 자연과 하나가 되길 원하는 이들에게 특별히 적합한 선물이 될 수 있습니다."
핑크뮬리,분홍색,0,0,1,0,무향,400,꽃다발,고백,X,"핑크뮬리의 꽃말인 '고백'은 진심을 담아 사랑이나 감사의 마음을 표현하는 감정을 상징합니다. 이 꽃은 부드럽고 따뜻한 색상이 마음의 문을 열고, 솔직하고 순수한 감정의 전달을 도와줍니다. 특히, 오랜 시간 마음 속에 간직해온 사랑이나 존경의 감정을 표현하고자 할 때, 혹은 새로운 시작을 고백하고자 하는 중요한 순간에 적합합니다. 이 꽃은 성실함과 우아함을 표현하면서 동시에 강인한 의지와 포기하지 않는 마음을 은유적으로 나타내 줍니다."
천일홍,빨간색,1,1,0,1,무향,300,꽃다발,"열정적인 사랑, 로맨스, 욕망",X,"천일홍의 꽃말인 '열정적인 사랑, 로맨스, 욕망'은 강렬하고 뜨거운 감정을 나타냅니다. 이는 사랑의 초기 단계에서 느껴지는 강렬한 매력과 깊은 감정적 연결을 상징하며, 연인 간의 깊고 열정적인 관계를 의미합니다. 이 꽃은 새로운 관계를 시작하는 연인들에게 적합하며, 서로에 대한 강렬한 사랑과 욕망을 표현하고 싶은 순간에 특히 의미 있게 다가갈 것입니다. 이러한 꽃은 '열정', '로맨스', '강렬함'을 키워드로 하여, 사랑이 깊어가는 순간을 더욱 특별하게 만들어줄 수 있습니다."
천일홍,분홍색,1,1,0,1,무향,300,꽃다발,"우아함, 달콤함, 친절, 애정",X,"천일홍의 꽃말인 우아함, 달콤함, 친절, 애정은 부드러우면서도 세심한 관심과 따뜻한 마음을 상징합니다. 이 꽃은 감정을 섬세하게 표현하길 원하는 사람, 또는 관계에서 섬세함과 지속적인 애정을 필요로 하는 상황에 적합합니다. 예를 들어, 오랜 시간 동안 깊은 감사의 마음을 전하고 싶은 친구나 연인에게 천일홍을 선물하면 그 감정이 잘 전달될 것입니다."
천일홍,하얀색,1,1,0,1,무향,300,꽃다발,"순결, 순수, 시작",X,"천일홍의 꽃말인 순결, 순수, 시작은 새로운 출발과 미래에 대한 희망, 그리고 어떤 오염이나 흠 없이 깨끗함을 상징합니다. 이러한 의미는 새롭게 시작하는 인생의 중요한 전환점에서, 예를 들어 졸업이나 새 직업, 결혼 등 새로운 시작을 알리는 축하의 순간에 특히 적절합니다. 천일홍은 그 순수하고 결백한 에너지로 인해 이러한 기회를 맞이하는 사람에게 용기와 순수한 마음을 선물하고, 그 시작을 축복하는 마음을 전달하는 데 이상적인 꽃입니다."
천일홍,노란색,1,1,0,1,무향,300,꽃다발,"행복, 기쁨, 우정",X,"천일홍의 꽃말인 '행복, 기쁨, 우정'은 따뜻한 감정과 긍정적인 인간 관계를 상징합니다. 이 꽃은 서로의 존재만으로 큰 기쁨을 느끼고, 지속적인 행복을 추구하며, 깊고 진정한 우정을 가꾸는 사람들에게 특히 의미가 깊습니다. 따라서 오랜 친구나 동료에게 감사의 마음을 전하거나, 긍정적이고 행복한 관계를 축하하는 자리에서 선물하기에 적합합니다."
천일홍,주황색,1,1,0,1,무향,300,꽃다발,"응원, 활력, 창의성",X,"천일홍의 꽃말인 '응원, 활력, 창의성'은 개인의 내면적인 에너지와 창조적 잠재력을 불러일으키는 감정을 반영합니다. 이 꽃은 새로운 도전을 시작하거나 창의적인 프로젝트에 몰두해야 하는 사람에게 특히 의미가 깊으며, 그들에게 동기부여와 에너지를 선사하여 그들의 여정을 응원하는 상징으로 적합합니다. 천일홍은 역경을 극복하고자 하는 강인한 의지와 끊임없는 창조적 사고를 지닌 이들에게 특별한 격려와 영감을 주는 선물이 될 것입니다."
천일홍,보라색,1,1,0,1,무향,300,꽃다발,"왕족, 고급스러움, 우아함",X,"천일홍의 꽃말인 '왕족, 고급스러움, 우아함'은 고결하고 품격 있는 감정을 나타냅니다. 이는 자신의 내면적 가치와 외적 표현 모두에서 품위를 잃지 않으며, 섬세하고 정제된 아름다움을 추구하는 사람들에게 잘 어울립니다. 따라서, 중요한 사회적 행사나 격식을 중요시하는 자리에서 인정받고 싶어 하는 사람에게 천일홍을 선물하는 것은 그들의 우아하고 고상한 이미지를 강조하는 의미 있는 행동이 될 수 있습니다."
사루비아,빨간색,1,1,1,0,은은한향,300,꽃다발,"불타는 마음, 정열",X,"1. 사루비아의 꽃말인 '불타는 마음, 정열'은 강렬한 열정과 감정의 폭발을 나타냅니다. 이는 사랑, 열정적인 목표나 사업, 또는 깊은 예술적 표현 등 인생의 어떤 부분에 있어서든 전력을 다하는 뜨거운 마음을 상징합니다.

2. 사루비아는 열정적인 사랑을 고백하거나, 큰 꿈과 목표를 향해 도전하는 사람에게 격려와 지지의 의미로 선물하기 적절합니다. 또한, 예술가나 창작자에게 그들의 창작 활동에 대한 열정을 인정하고 응원하는 의미에서도 좋습니다.

3. 키워드: 열정, 뜨거운 마음, 도전, 지지, 창작 활력"
라벤더,보라색,1,1,1,1,강한향,500,꽃다발,"사랑의 기쁨, 사랑의 신비, 로맨틱한 사랑",O,"라벤더의 꽃말인 '사랑의 기쁨', '사랑의 신비', 그리고 '로맨틱한 사랑'은 부드러움과 순수한 애정, 그리고 깊이 있는 감성을 나타냅니다. 이 꽃은 사랑의 아름다움과 그 신비로움을 표현하며, 로맨틱한 관계를 깊게 하고, 서로에 대한 이해와 애정을 증진시키는 데 탁월합니다. 따라서 라벤더는 연인 사이에서 중요한 기념일이나, 서로의 사랑을 다시 한번 확인하고 싶은 순간, 또는 새로운 사랑의 시작을 알리는 상황에 특히 적합할 수 있습니다."
라벤더,하얀색,1,1,1,1,강한향,500,꽃다발,"사랑의 초상, 감사, 희망",O,"라벤더의 꽃말인 '사랑의 초상', '감사', '희망'은 깊은 애정과 존경의 감정을 전달하며, 어려운 시기에도 포기하지 않고 긍정적인 미래를 꿈꾸게 합니다. 어려움을 겪고 있는 친구나 사랑하는 사람에게 이 꽃을 선물하면, 그들에게 감사의 마음과 함께 희망의 메시지를 전달할 수 있습니다. 특히 라벤더는 그 우아하고 섬세한 모습으로 사랑의 깊이와 순수함을 상징하며, 받는 이로 하여금 내면의 평화와 희망을 불어넣어 줍니다."
라벤더,분홍색,1,1,1,1,강한향,500,꽃다발,"사랑의 꿈, 로맨스",O,"라벤더의 꽃말인 '사랑의 꿈'과 '로맨스'는 부드러운 감정과 아련한 향수를 불러일으키며, 이는 깊은 애정과 섬세한 감정의 표현을 의미합니다. 이 꽃은 로맨틱한 감정을 품고 있는 사람이나, 오랜 시간 동안 자신의 사랑을 키워온 이들에게 특히 적합하며, 라벤더는 그들의 순수하고 진실된 마음을 상징하며, 이러한 정서를 고양시키는 데에 큰 역할을 합니다. 키워드로는 '로맨틱함', '순수함', '진실된 사랑'을 들 수 있습니다."
알라스토메리아,분홍색,1,1,1,1,무향,500,축하,"새로운 만남, 새로운 시작",X,"알라스토메리아의 꽃말인 ""새로운 만남, 새로운 시작""은 변화와 기회의 순간에 대한 긍정적이고 희망찬 감정을 나타냅니다. 이 꽃은 변화를 맞이하는 용기와 새로운 장을 펼치려는 희망을 상징하며, 새로운 환경에 적응하고자 하는 성실함과 재능을 격려하는 의미를 담고 있습니다. 따라서, 새로운 직장에 처음 출근하는 사람, 대학 입학 또는 새로운 도시로 이사하는 친구에게 이 꽃을 선물하는 것은 그들의 새로운 출발을 응원하고, 모든 시작에 순수한 희망과 기대를 전하는 의미있는 행동이 될 것입니다."
알레스토메리아,노란색,1,1,1,1,무향,500,축하,"새로운 만남, 새로운시작",X,"알레스토메리아의 꽃말인 ""새로운 만남, 새로운 시작""은 변화와 기대를 내포한 감정을 표현합니다. 이 꽃은 새로운 장을 펼치고자 하는 희망과 설렘이 깃든 순간, 예를 들어 새로운 직장을 시작하는 친구나 이사를 가는 가족에게 전달하면 그들의 새 출발을 응원하는 따뜻한 메시지를 전할 수 있습니다. 이 꽃은 시작의 용기, 변화에 대한 긍정적 태도, 그리고 미래에 대한 기대감을 상징합니다."
알레스토메리아,하얀색,1,1,1,1,무향,500,축하,"새로운 만남, 새로운시작",X,"알레스토메리아의 꽃말인 '새로운 만남, 새로운 시작'은 인생의 전환점에서 맞이하는 기대감과 희망을 상징합니다. 이 꽃은 변화와 성장을 추구하며 새로운 기회를 맞이하려는 사람들에게 용기와 긍정적인 에너지를 전달합니다.

예를 들어, 새로운 직장에 첫 출근하는 친구나, 이사를 하여 새로운 환경에 적응해야 하는 이에게 알레스토메리아를 선물하는 것은 그들의 새로운 시작을 축하하고 응원하는 의미를 담을 수 있습니다. 이 꽃은 변화를 받아들이고, 포기하지 않으며, 새로운 경험에 성실하게 임하는 태도를 격려하는 상징적인 선물이 됩니다."
알레스토메리아,주황색,1,1,1,1,무향,500,축하,"새로운 만남, 새로운시작",X,"알레스토메리아의 꽃말인 '새로운 만남, 새로운 시작'은 변화와 기회, 희망의 감정을 내포하고 있습니다. 이 꽃은 새로운 장을 열 준비가 되어 있는 사람들, 혹은 인생의 전환점에 서 있는 이들에게 특히 의미가 깊습니다. 알레스토메리아는 새로운 인연을 기대하거나 새로운 도전을 시작하는 사람들에게 용기와 긍정의 메시지를 전달하는 완벽한 선물이 될 수 있습니다."
알레스토메리아,보라색,1,1,1,1,무향,500,축하,"새로운 만남, 새로운시작",X,"알레스토메리아의 꽃말인 '새로운 만남, 새로운 시작'은 변화의 순간과 그로 인한 흥분과 기대를 내포합니다. 이 꽃은 우아하면서도 강인한 생명력을 상징하여, 인생의 새로운 장을 여는 이들에게 힘과 용기를 불어넣어 줍니다.

새로운 직업을 시작하거나 새로운 도시로 이사한 친구, 혹은 새로운 관계를 시작하는 연인에게 알레스토메리아는 완벽한 선물이 될 수 있습니다. 이 꽃은 그들이 마주할 새로운 도전과 기회에 대한 긍정적인 태도와 응원의 메시지를 전달합니다."
리시안셔스,하얀색,1,1,1,1,은은한향,3100,결혼,"순결, 영성, 평생의 유대",X,"리시안셔스의 꽃말인 순결, 영성, 평생의 유대는 깊은 내면의 순수함과 정신적 연결을 강조합니다. 이 꽃은 관계의 깊이와 영원함을 상징하여, 진실된 마음과 영혼을 다해 서로를 이해하고자 하는 이들에게 적합합니다. 특히 결혼식이나 정신적 경로를 같이하는 동료, 혹은 깊은 우정을 나누는 친구에게 선물하기에 의미가 깊으며, 이들에게 영원한 유대와 순수한 애정을 표현하는 데 이상적입니다."
리시안셔스,보라색,1,1,1,1,은은한향,3100,꽃다발,"아름다움, 고귀함",X,"리시안셔스의 꽃말인 '아름다움'과 '고귀함'은 내면과 외면의 조화로움과 순수한 아름다움을 나타냅니다. 이 꽃은 자신의 아름다움을 겸손하게 품고 있는 사람, 혹은 세심하고 성실한 태도로 타인을 대하는 사람에게 특히 의미가 깊습니다. 예를 들어, 동료나 친구가 중요한 성취를 이루었거나, 자신의 고귀한 행동으로 타인에게 귀감이 된 경우에 선물하기 적절합니다."
리시안셔스,노란색,1,1,1,1,은은한향,3100,꽃다발,"밝음, 긍정적인 에너지",X,"리시안셔스의 꽃말인 '밝음'과 '긍정적인 에너지'는 언제나 희망적이고 긍정적인 태도를 상징합니다. 이 꽃은 삶의 어려움 속에서도 끈질기게 긍정의 빛을 발하는 사람들을 떠올리게 하며, 언제나 주변을 밝게 만드는 이들에게 힘과 용기를 주는 선물이 될 수 있습니다. 따라서, 어려운 시기를 겪고 있거나 새로운 시작을 앞둔 친구나 동료에게 리시안셔스를 선물하는 것은 그들에게 희망과 긍정의 에너지를 전달하는 멋진 방법이 될 것입니다."
리시안셔스,분홍색,1,1,1,1,은은한향,3100,꽃다발,"로맨스, 사랑, 애정, 사랑스러운 연인",X,"리시안셔스의 꽃말인 '로맨스, 사랑, 애정, 사랑스러운 연인'은 깊은 감정적 연결과 애정의 표현을 드러냅니다. 이 꽃은 연인 간의 순수하고도 깊은 사랑을 상징하며, 서로에게 헌신적이고 사랑스러운 감정을 끊임없이 키워가는 관계를 의미합니다. 따라서 리시안셔스는 연인의 생일, 기념일, 또는 사랑을 새롭게 고백하고자 하는 특별한 순간에 이상적인 선물이 될 수 있으며, 그로 인해 관계에 더욱 깊이와 로맨틱함을 더할 수 있습니다."
안개꽃,하얀색,1,0,1,1,강한향,3100,꽃다발,"행복, 기쁨, 함께하겠다는 약속",O,"안개꽃이 전하는 꽃말인 행복과 기쁨은 일상의 소소한 순간들에서 찾아오는 따뜻한 감정들을 의미하며, '함께하겠다는 약속'은 미래에 대한 긍정적인 기대와 안정감을 함께 나누고자 하는 깊은 애정과 헌신을 상징합니다. 이러한 안개꽃은 오랜 시간 동안 굳건히 서로를 지지하고 응원해온 친구나 연인에게, 앞으로도 변함없이 함께 행복을 추구하겠다는 의지를 표현하고 싶을 때 특히 적절합니다. 주요 키워드로는 '행복', '약속', '긍정', '안정감'이 있습니다."
안개꽃,분홍색,1,0,1,1,강한향,2000,꽃다발,죽을 만큼 사랑합니다,O,"안개꽃의 꽃말 ""죽을 만큼 사랑합니다""는 깊고 절절한 애정과 헌신을 표현합니다. 이는 사랑하는 이에 대한 무한한 열정과 그 사람 없이는 살 수 없을 정도로 깊은 사랑을 의미하며, 때로는 이러한 감정이 가져오는 아픔과 갈망도 함께 나타낼 수 있습니다. 이러한 감정의 깊이를 가진 사람이 장기간 떨어져 있어야 하는 상황이나, 사랑을 새롭게 고백하고자 할 때 안개꽃을 선물하면 그 마음을 감동적으로 전달할 수 있습니다."
안개꽃,파란색,1,0,1,1,강한향,2000,꽃다발,끝나지 않을 영원한 사랑,O,"안개꽃의 꽃말인 ""끝나지 않을 영원한 사랑""은 변치 않는 순수한 애정과 변함없는 지속성을 상징합니다. 이 꽃은 깊고 진한 감정을 오랜 시간 동안 소중히 간직하고자 하는 사람에게 특히 의미가 깊습니다. 예를 들어, 장기간의 파트너, 결혼 기념일, 혹은 오랜 시간을 함께 지내온 친구에게 선물로 적합하며, 이는 그들에게 당신의 무한한 사랑과 변함없는 우정을 표현하는 방법이 될 수 있습니다."
물망초,파란색,1,0,0,0,무향,600,꽃다발,나를 잊지 말아요,X,"1. 물망초의 꽃말 ""나를 잊지 말아요""는 깊은 애정과 함께 상대방에 대한 지속적인 기억과 관심을 요청하는 감정을 표현합니다. 이는 영원한 연결과 변치 않는 사랑의 갈망을 나타내며, 상대방에게 자신의 중요성을 상기시키고자 하는 마음에서 비롯됩니다.

2. 이 꽃은 오랜 시간을 함께 보낸 친구나 연인이 이별을 앞두고 있거나, 거리적 또는 시간적으로 멀어질 상황에 처한 사람들에게 적합합니다. 특히, 서로를 잊지 않고 기억하며 다시 만날 날을 기약하는 의미에서 선물하기 좋습니다.

3. 물망초는 ""추억"", ""변치 않는 사랑"", ""영원한 연결""을 상징하는 꽃으로, 이별의 순간에도 변함없는 마음을 전달하고, 서로의 존재를 소중히 여기는 메시지를 담고 있습니다."
스타티스,빨간색,1,0,1,1,무향,600,꽃다발,사랑과 열정,X,"스타티스의 꽃말인 '사랑과 열정'은 진한 애정과 끊임없는 열의를 상징합니다. 이 꽃은 감정이 깊고, 어떠한 어려움도 극복하려는 강한 의지를 지닌 사람의 마음을 표현하기에 적합합니다. 따라서, 오랜 시간 동안 변함없는 사랑을 보여주고 싶은 연인이나, 어려운 상황에서도 포기하지 않고 목표를 향해 나아가는 친구에게 스타티스를 선물하는 것은 그들의 노력과 정성을 격려하고 응원하는 매우 의미있는 행동이 될 것입니다."
스타티스,분홍색,1,0,1,1,무향,600,어버이날,모성애,X,"스타티스의 꽃말인 '모성애'는 보호와 사랑, 무조건적인 지지를 상징합니다. 이 꽃은 따뜻한 감정과 양육의 정성을 표현할 때 아주 적절합니다. 자녀나 가까운 이에게 격려와 위로를 전달하고 싶은 어머니나 보호자에게 특히 의미 있는 선물이 될 수 있습니다. 스타티스는 그들의 사랑과 헌신, 지속적인 지원을 기념하는 데 사용되어, 감사의 마음을 전하는 데 이상적입니다."
스타티스,노란색,1,0,1,1,무향,600,꽃다발,존경,X,"스타티스의 꽃말 '존경'은 깊은 인정과 감사의 감정을 표현합니다. 이는 상대의 성취, 노력, 혹은 내면의 아름다움을 높이 평가하고 그 가치를 인식하는 심리적 상태를 반영합니다. 스타티스는 멘토, 교육자, 또는 오랜 시간 동안 헌신적으로 일해온 동료와 같이 깊은 존경과 감사의 마음을 전달하고 싶은 상황에 적합한 꽃입니다. 이 꽃은 그들의 성실함과 재능, 그리고 포기하지 않는 정신을 존중하는 마음을 아름답게 표현할 수 있습니다."
스타티스,하얀색,1,0,1,1,무향,600,꽃다발,"순수, 진실",X,"스타티스의 꽃말인 '순수'와 '진실'은 맑고 투명한 마음을 상징하며, 거짓이나 꾸밈없이 솔직한 감정을 표현하는 것을 의미합니다. 이러한 꽃은 새로운 관계를 시작하는 연인이나, 오랜 시간 동안 변함없는 진심을 전하고자 하는 친구에게 주기에 적합합니다. 스타티스는 그 자체로 성실함과 순수한 애정을 전달하는 완벽한 매개체가 됩니다."
스타티스,보라색,1,0,1,1,무향,600,꽃다발,"매력, 우아함, 성공",X,"스타티스의 꽃말인 매력, 우아함, 성공은 자신의 내면과 외면 모두에서 아름다움과 능력을 겸비한 사람을 상징합니다. 이는 성취와 자신감이 넘치며, 언제나 주변을 밝게 만드는 매력적인 존재임을 나타냅니다. 따라서, 스타티스는 새로운 사업을 시작하거나 중요한 시험을 앞둔 친구, 혹은 졸업이나 승진과 같이 인생의 중요한 성공을 축하하는 자리에 적합한 꽃이 될 것입니다."
글라디올러스,하얀색,0,1,1,1,무향,2000,꽃다발,"순수함, 영성",X,"글라디올러스의 꽃말인 '순수함'과 '영성'은 내면의 청정함과 정신적인 깊이를 나타냅니다. 이 꽃은 진실된 마음과 영혼의 깨달음을 추구하는 이들에게 아주 적합합니다. 따라서 자신의 내면을 탐구하고, 자아 성찰을 통해 정신적 성장을 이루고자 하는 사람에게 의미 있는 선물이 될 것입니다."
글라디올러스,분홍색,0,1,1,1,무향,2000,어버이날,어머니의 사랑,X,"1. 글라디올러스의 꽃말인 '어머니의 사랑'은 무조건적이고 포근한 보호, 끊임없는 지지와 헌신을 상징합니다. 이 꽃은 따뜻하고 안정적인 감정을 전달하며, 받는 이로 하여금 큰 위안과 감사의 마음을 느끼게 합니다.

2. 글라디올러스는 어머니의 날, 혹은 어머니에게 감사의 마음을 전하고 싶은 특별한 날에 적합합니다. 또한, 돌봄과 사랑이 필요한 친구나 가족에게도 훌륭한 선물이 될 수 있습니다. 이 꽃은 그들에게 어머니와 같은 위안과 사랑을 전달하며, 그들의 삶에 긍정적인 영향을 끼칩니다.

3. 키워드: 무조건적 사랑, 헌신, 보호, 위안, 감사."
클레마티스,보라색,1,1,1,1,무향,900,꽃다발,당신의 마음은 진실로 아름답다,X,"클레마티스의 꽃말 ""당신의 마음은 진실로 아름답다""는 상대방의 내면의 순수함과 진정성을 높이 평가하며, 그들의 성실하고 진솔한 태도에 대한 존경과 감사를 표현합니다. 이 꽃은 특히 자신의 감정과 생각을 솔직하게 표현하며 다른 사람들과 진정한 관계를 구축하려는 사람들에게 적합합니다. 따라서, 친구나 연인이 어려운 상황에서도 진심을 다해 격려해 준 사람, 또는 투명하고 정직한 성격을 가진 사람에게 감사의 마음을 전할 때 주는 꽃으로 안성맞춤입니다."
마가렛,하얀색,1,0,0,1,무향,600,꽃다발,"진실한 사랑, 수수함, 청아함",X,"마가렛의 꽃말인 '진실한 사랑, 수수함, 청아함'은 꾸밈없는 순수한 마음에서 우러나는 깊고 진솔한 애정을 상징합니다. 이 꽃은 겉모습보다 내면의 가치를 중시하는 소박하고 정결한 감정의 표현이며, 어떤 상황에서든 변치 않는 진심을 대변합니다. 따라서 마가렛은 오랜 시간 동안 변함없는 사랑과 신뢰를 유지하고자 하는 파트너에게, 또는 소박하면서도 깊은 내면의 아름다움을 가진 사람에게 선물하기 적합합니다."
스위트피,분홍색,1,0,1,1,강한향,600,꽃다발,"감탄, 기쁨, 감사",X,"스위트피의 꽃말인 감탄, 기쁨, 감사는 누군가의 성취나 재능, 우아함에 대한 진심 어린 인정과 감사의 감정을 나타냅니다. 이 꽃은 성공을 축하하거나 누군가에게 감사의 마음을 전하고자 할 때 특히 적절합니다. 예를 들어, 졸업식, 승진 축하, 또는 소중한 사람이 이루어낸 어떤 성취를 기념할 때 스위트피를 선물하면, 그 사람의 노력과 성공을 높이 평가하는 따뜻한 메시지를 전달할 수 있습니다."
스위트피,보라색,1,0,1,1,강한향,600,꽃다발,"마법, 신비주의, 영적 연결",X,"스위트피의 꽃말인 '마법, 신비주의, 영적 연결'은 신비로운 매력과 내면의 깊은 감정, 눈에 보이지 않는 영적인 세계와의 연결을 상징합니다. 이 꽃은 신비로운 경험을 통해 영감을 얻거나 자신만의 특별한 세계를 꿈꾸는 사람들에게 감동을 줄 수 있는 완벽한 선물입니다. 따라서, 새로운 시작을 앞둔 예술가나 작가, 또는 영적인 여정을 추구하는 이에게 스위트피를 선물하는 것은 그들의 창조적인 재능과 깊은 내면의 세계를 응원하는 의미로 해석될 수 있습니다."
스위트피,하얀색,1,0,1,1,강한향,600,축하,"새로운 시작, 순수함",X,"스위트피의 꽃말인 '새로운 시작'과 '순수함'은 새로운 단계나 변화를 맞이하는 순수한 마음과 의지를 상징합니다. 이 꽃은 변화를 맞이하는 한편, 그 시작을 순수하고 긍정적인 마음으로 받아들이려는 사람에게 특히 의미가 깊습니다. 예를 들어, 새 학기나 새 직장에 처음 들어가는 사람, 또는 중요한 새로운 결정을 내린 사람에게 이 꽃을 선물하면 그들의 새 출발을 응원하고 그 순간의 중요성을 강조하는 데 도움이 됩니다."
스위트피,빨간색,1,0,1,1,강한향,600,꽃다발,"열정, 사랑, 욕망",X,"스위트피의 꽃말인 열정, 사랑, 욕망은 강렬하고 깊은 감정의 표현을 나타냅니다. 이 꽃은 뜨거운 사랑과 강한 욕망을 지니고 있으며, 열정적인 관계에서의 헌신과 감정적인 연결을 상징합니다. 따라서 스위트피는 새로운 연애가 시작되어 두 사람 사이의 감정이 깊어지는 순간이나, 오랜 파트너에게 변함없는 사랑을 다시 한번 확인시켜주고 싶을 때 주기에 적합한 꽃입니다. 이 꽃은 사랑과 열정, 그리고 욕망을 담아 감정의 깊이를 전달하는 매력적인 선택입니다."
루드베키아,노란색,1,1,0,0,강한향,400,결혼,영원한 행복,X,"루드베키아의 꽃말인 '영원한 행복'은 지속적인 기쁨과 만족, 그리고 변치 않는 긍정적인 감정을 상징합니다. 이 꽃은 인생에서 중요한 이정표를 축하하는 순간이나 긴 관계의 지속적인 애정과 헌신을 표현하고자 할 때 매우 적합합니다. 결혼 기념일, 오랜 우정을 기념하는 자리, 또는 새로운 시작을 축하하는 행사에 이 꽃을 선물하면, ‘영원한 행복’이라는 강한 메시지와 함께 따뜻한 긍정의 에너지를 전달할 수 있습니다."
에키놉스,보라색,1,1,1,1,무향,2000,축하,"아이같은 마음, 동심",X,"1. 에키놉스의 꽃말인 '아이같은 마음, 동심'은 순수하고 열린 마음을 상징합니다. 이는 세상을 대하는 무구함과 신선한 시각, 그리고 끝없는 호기심을 의미하며, 일상의 복잡함 속에서도 원초적인 즐거움과 감동을 잃지 않는 태도를 나타냅니다.

2. 에키놉스는 인생의 중대한 전환점에서 새로운 시작을 앞두고 있는 사람들, 혹은 일상의 루틴에서 벗어나 새로운 관점이나 영감을 찾고 싶어 하는 이들에게 특히 적합합니다. 이 꽃은 그들에게 잊혀진 순수함과 동심을 상기시켜, 새로운 도전과 변화를 긍정적으로 수용하게 하는 감정적 지원을 제공할 수 있습니다.

3. 주요 키워드: 순수함, 호기심, 새로운 시작, 감동, 원초적 즐거움"
유칼립투스,초록색,1,1,1,1,강한향,1800,꽃다발,추억을 함께 만들어가자,X,"유칼립투스의 꽃말 ""추억을 함께 만들어가자""는 함께한 시간의 소중함과 미래에 대한 기대를 내포하고 있습니다. 이 꽃은 지속적인 관계의 발전과 깊은 유대를 강조하며, 공동의 경험을 통해 서로를 더욱 잘 이해하고 가치를 높이자는 메시지를 전달합니다.

이 꽃은 오랜 친구나 파트너에게, 특히 과거의 소중한 순간들을 기념하고 앞으로도 함께할 추억을 만들기를 원하는 상황에서 아주 적절합니다. 유칼립투스는 성실함, 우아함, 그리고 포기하지 않는 정신을 상징하여, 관계의 지속적인 성장과 발전을 응원하는 꽃으로서 의미가 깊습니다."
옥시페탈륨,파란색,1,1,1,1,무향,2400,꽃다발,"사랑의 방문, 행복한 사랑, 서로를 믿는 마음",X,"옥시페탈륨의 꽃말인 '사랑의 방문, 행복한 사랑, 서로를 믿는 마음'은 깊은 신뢰와 무조건적인 사랑을 내포하고 있습니다. 이 꽃은 상대에 대한 깊은 애정과 믿음이 강하며, 서로를 이해하고 지지하는 관계의 소중함을 상징합니다. 따라서, 오랜 시간 동안 깊은 유대감을 쌓아온 연인이나 결혼 기념일, 또는 중요한 결정을 함께 축하하고 싶은 상황에서 서로의 지속적인 사랑과 신뢰를 확인하고자 할 때 이 꽃을 선물하는 것이 적절합니다."
옥시페탈륨,하얀색,1,1,1,1,무향,2400,꽃다발,"사랑의 방문, 행복한 사랑, 서로를 믿는 마음",X,"옥시페탈륨의 꽃말인 '사랑의 방문', '행복한 사랑', '서로를 믿는 마음'은 깊은 신뢰와 화합을 기반으로 한 사랑의 가치를 나타냅니다. 이 꽃은 서로에 대한 믿음과 이해가 깊어지길 바라는 연인들, 혹은 오랜 시간을 함께하며 서로의 사랑을 더욱 견고히 다져가고자 하는 부부에게 적합합니다. 특히, 관계의 중요한 전환점이나 기념일에 이 꽃을 선물하면, 상대방에 대한 사랑과 충실함을 표현하는 강력한 메시지가 될 것입니다."
옥시페탈륨,분홍색,1,1,1,1,무향,2400,꽃다발,"사랑의 방문, 행복한 사랑, 서로를 믿는 마음",X,"1. 옥시페탈륨의 꽃말인 ""사랑의 방문, 행복한 사랑, 서로를 믿는 마음""은 깊은 애정과 신뢰를 상징합니다. 이는 사랑이 꽃피울 때 갖게 되는 순수하고 진실된 감정들을 의미하며, 서로에 대한 믿음과 의지를 통해 더욱 깊고 안정적인 관계로 발전할 수 있음을 나타냅니다.

2. 이 꽃은 오랜 시간 동안 서로의 사랑을 소중히 키워온 연인이나 부부에게 적합합니다. 특별한 기념일이나 서로의 믿음을 확인하고 싶은 순간에 선물하면, 그들의 관계에 긍정적인 영향을 미칠 수 있습니다.

3. 키워드: 신뢰, 순수함, 안정성, 깊은 애정"
미니거베라,빨간색,1,1,1,1,무향,2300,꽃다발,당신을 사랑합니다,X,"미니거베라의 꽃말 ""당신을 사랑합니다""는 진심 어린 애정과 순수한 사랑의 감정을 표현합니다. 이 꽃은 감정의 진정성과 깊이를 상징하며, 사랑의 메시지를 전달하고자 할 때 특히 적절합니다. 이 꽃은 연인이나 배우자에게 특별한 기념일이나 뜻 깊은 순간에 선물하기 좋으며, 그들에게 당신의 사랑과 헌신, 그리고 그 관계의 소중함을 전달하는 데 이상적입니다."
미니거베라,주황색,1,1,1,1,무향,2300,꽃다발,열정과 에너지,X,"미니거베라의 꽃말인 '열정과 에너지'는 생기 넘치고 활기찬 감정을 강력하게 표현합니다. 이 꽃은 열정적으로 새로운 일에 도전하거나, 어려움을 극복하고자 하는 강한 의지와 에너지를 가진 사람에게 아주 적합합니다. 예를 들어, 새로운 프로젝트를 시작하는 동료나 시험 준비 중인 학생에게 이 꽃을 선물하면 그들의 노력과 열정을 격려하고 응원하는 의미로 훌륭할 것입니다.

키워드: 도전, 의지, 생기, 활기, 격려"
미니거베라,분홍색,1,1,1,1,무향,2300,꽃다발,친절과 감사,X,"미니거베라의 꽃말인 친절과 감사는 따뜻하고 배려 깊은 감정을 표현합니다. 이 꽃은 사람들 사이에서 따스한 인간관계를 쌓고자 할 때, 혹은 누군가에게 고마움을 전하고 싶을 때 매우 적절합니다. 그러므로, 친구나 동료, 가족 또는 교사와 같이 평소에 친절을 베풀어온 이들에게 감사의 마음을 전달하고자 할 때 미니거베라를 선물하는 것이 좋습니다. 

키워드: 친절, 감사, 따뜻함, 배려, 인간관계"
미니거베라,하얀색,1,1,1,1,무향,2300,꽃다발,순결,X,"미니거베라의 꽃말인 '순결'은 순수하고 오염되지 않은 상태를 의미합니다. 이 꽃은 마음이 순수하고 어떠한 외부의 영향도 받지 않는 내면의 아름다움을 상징합니다. 따라서, 새로운 시작을 앞둔 누군가 또는 자신의 본질을 잃지 않고 꿋꿋이 자신의 길을 걷고 있는 사람에게 미니거베라를 선물하는 것은 그들의 순수함과 꾸준한 성실함을 격려하고 지지하는 의미를 담을 수 있습니다."
미니거베라,노란색,1,1,1,1,무향,2300,꽃다발,행복과 우정,X,"미니거베라의 꽃말인 '행복과 우정'은 따뜻하고 긍정적인 감정의 상징으로, 우정의 순수함과 함께하는 기쁨을 나타냅니다. 이 꽃은 친구나 사랑하는 사람에게 고마움을 표현하거나, 어려운 시기를 겪고 있는 이에게 위로와 희망을 전달하는 데 적합합니다. 미니거베라는 감사, 용기 부여, 그리고 행복한 순간을 공유하고자 할 때 이상적인 선택이 될 수 있습니다."
핑퐁디스버드,하얀색,1,1,1,1,은은한향,3000,꽃다발,내 마음은 진심입니다,X,"핑퐁디스버드의 꽃말 ""내 마음은 진심입니다""는 깊고 순수한 정성과 진심을 표현하는 데 적합합니다. 이 꽃은 자신의 진정한 감정과 의도를 솔직하게 전달하고자 하는 사람에게 이상적입니다. 예를 들어, 오해를 받았거나 잘못을 바로잡고자 할 때, 또는 사랑하는 사람에게 자신의 변함없는 사랑을 확인시켜주고 싶을 때 이 꽃을 선물하면 마음을 전하는 데 큰 도움이 됩니다."
핑퐁디스버드,분홍색,1,1,1,1,은은한향,3000,꽃다발,내 마음은 진심입니다,X,"핑퐁디스버드의 꽃말인 ""내 마음은 진심입니다""는 깊은 진정성과 순수한 의도를 표현합니다. 이 꽃은 진심을 전하고자 하는 솔직한 감정과 의지를 상징하며, 말로 표현하기 어려운 진실된 사랑이나 우정을 나타낼 때 특히 적합합니다.

이 꽃은 오해가 있었던 사이를 회복하고자 할 때, 또는 진심을 담아 사과하고자 하는 상황에서 선물하기 좋습니다. 진심을 전하는 진정성과 믿음을 강조하고 싶은 순간에 핑퐁디스버드는 감정의 진정성을 완벽하게 전달할 수 있습니다."
핑퐁디스버드,초록색,1,1,1,1,은은한향,3000,꽃다발,내 마음은 진심입니다,X,"1. ""내 마음은 진심입니다""라는 꽃말은 깊은 정성과 순수한 마음을 드러내며, 이는 속임없는 진심을 전달하고자 하는 강렬한 감정의 표현입니다. 이 꽃말은 모든 의심을 걷어내고, 상대방에 대한 믿음과 사랑을 강조합니다.

2. 핑퐁디스버드는 관계에서 솔직하고 진정성 있는 마음을 전하고 싶은 사람에게 적합합니다. 예를 들어, 오해를 받았거나, 사랑하는 사람에게 자신의 깊은 애정과 진심을 확실히 보여주고 싶을 때 주는 꽃으로 안성맞춤입니다.

3. 키워드: 진심, 순수함, 신뢰, 정성"
핑퐁디스버드,보라색,1,1,1,1,은은한향,3000,꽃다발,내 마음은 진심입니다,X,"핑퐁디스버드의 꽃말 ""내 마음은 진심입니다""는 깊고 순수한 정성과 진실된 감정을 표현합니다. 이 꽃은 자신의 진심 어린 마음을 전하고 싶어하는 사람에게 적합하며, 특히 오랜 시간 동안 마음 속 깊이 간직해 온 감정을 솔직하게 드러내고자 할 때 사용하기 좋습니다. 이 꽃은 끈기, 진실성, 그리고 투명한 사랑의 상징으로, 관계에서 중요한 전환점이나 진심을 확인하고자 하는 순간에 특히 의미가 깊습니다."
핑퐁디스버드,노란색,1,1,1,1,은은한향,3000,꽃다발,내 마음은 진심입니다,X,"1. 핑퐁디스버드의 꽃말 ""내 마음은 진심입니다""는 깊은 정성과 순수한 마음을 전달하는 감정을 나타냅니다. 이 꽃은 솔직한 감정의 표현과 진실된 애정을 상징하며, 받는 사람에게 진심을 전달하기 위한 진솔한 메시지를 내포하고 있습니다.

2. 이 꽃은 감정을 솔직하게 표현하고자 할 때, 특히 사랑하는 이에게 진실된 마음을 전하고 싶을 때 매우 적합합니다. 연인이나 가까운 친구에게 진심을 표현하고 싶은 중요한 순간, 또는 오해를 해소하고 싶을 때 사과의 의미로도 활용될 수 있습니다.

3. 키워드: 진심, 순수함, 정성, 솔직함, 진실된 애정"
미니델피늄,하얀색,1,1,1,1,은은한향,1000,꽃다발,당신을 행복하게 해드릴게요,X,"1. 미니델피늄의 꽃말 ""당신을 행복하게 해드릴게요""는 깊은 애정과 배려가 담긴 약속의 표현입니다. 이 꽃은 지지와 사랑을 전하며, 받는 이에게 긍정적인 에너지와 행복의 메시지를 주고자 하는 강한 의지를 나타냅니다.

2. 이 꽃은 사랑하는 사람이나 친구가 어려운 시기를 겪고 있을 때, 그들에게 희망과 행복을 전달하고자 할 때 아주 적절합니다. 미니델피늄은 그들에게 위로와 희망을 주며, 어떤 상황에서도 그들의 행복을 지지하겠다는 당신의 진심을 표현하는 데 이상적인 꽃입니다.

3. 키워드: 희망, 애정, 지지, 긍정적 에너지, 위로"
미니델피늄,분홍색,1,1,1,1,은은한향,1000,꽃다발,당신을 행복하게 해드릴게요,X,"1. 미니델피늄의 꽃말 ""당신을 행복하게 해드릴게요""는 약속과 헌신을 내포하며, 받는 이에게 긍정적인 에너지와 기쁨을 전달하려는 강한 의지를 표현합니다. 이 꽃은 주는 이의 순수한 마음과 사랑을 상징하며, 대상에 대한 깊은 애정과 행복을 주고자 하는 소망을 담고 있습니다.

2. 미니델피늄은 특별한 날이나 중요한 순간에 사랑하는 사람이나 친한 친구에게 선물하기 적합합니다. 특히, 격려나 위로가 필요한 사람에게 이 꽃을 선물하면, 그들에게 희망과 긍정의 메시지를 전달하며 그들의 마음을 밝게 해 줄 수 있습니다.

3. 키워드: 약속, 헌신, 긍정, 기쁨, 사랑, 소망, 희망."
미니델피늄,하얀색,1,1,1,1,은은한향,1000,꽃다발,당신을 행복하게 해드릴게요,X,"1. 미니델피늄의 꽃말 ""당신을 행복하게 해드릴게요""는 지속적인 지지와 애정을 표현하는 감정을 내포하고 있으며, 상대방의 기쁨과 웰빙을 자신의 행복과 연결 지어 생각하는 헌신과 배려의 마음을 담고 있습니다. 이 꽃은 다른 사람의 행복을 진심으로 바라며 그들의 삶에 긍정적인 영향을 미치고자 하는 소망을 상징합니다.

2. 미니델피늄은 특별한 관심과 애정이 필요한 시기에 있는 사람, 예를 들어 어려운 시간을 겪고 있거나 큰 변화를 경험하는 친구나 가족에게 적합합니다. 이 꽃은 그들에게 위안과 희망을 주며, 당신이 그들의 행복을 진심으로 응원한다는 메시지를 전달할 수 있습니다.

3. 키워드: 헌신, 배려, 위안, 희망, 애정"
미니델피늄,파란색,1,1,1,1,은은한향,1000,꽃다발,당신을 행복하게 해드릴게요,X,"미니델피늄의 꽃말 ""당신을 행복하게 해드릴게요""는 약속과 보호의 감정을 담고 있습니다. 이 꽃은 주는 이가 받는 이에게 순수한 기쁨과 행복을 선사하겠다는 굳은 의지와 성실함을 표현합니다. 이 꽃은 특히 사랑하는 사람이나 친구가 어려운 시기를 겪고 있을 때, 그들에게 용기와 위안을 주고 싶은 마음을 전달하고자 할 때 적합합니다."
꽃양배추,하얀색,0,0,1,1,무향,4200,꽃다발,마음을 풍성하게 하고 축복을 가져다준다,X,"꽃양배추의 꽃말은 내면의 풍요로움과 긍정적인 변화를 상징합니다. 이 꽃은 마음이 지친 사람이나 새로운 시작을 앞둔 이들에게 특히 의미가 깊습니다. 축복과 희망의 메시지를 전달하며, 그들에게 힘과 영감을 주어 어려움을 극복하고 앞으로 나아갈 수 있는 용기를 북돋아 줍니다."
꽃양배추,보라색,0,0,1,1,무향,4200,꽃다발,마음을 풍성하게 하고 축복을 가져다준다,X,"꽃양배추의 꽃말인 ""마음을 풍성하게 하고 축복을 가져다준다""는 깊은 감사와 풍요로움을 상징합니다. 이 꽃은 감정적으로 충만하고 내적인 부와 축복을 느끼게 해주며, 따라서 삶의 중요한 전환점이나 새로운 시작을 맞이하는 사람에게 이상적입니다. 새 집으로 이사하는 친구, 새로운 직업을 시작한 동료, 또는 은퇴하여 새로운 삶의 장을 시작하는 이에게 특히 적합하며, 이 꽃은 그들의 새로운 여정에 축복과 풍요를 기원하는 마음을 전달해줄 것입니다."
공작초,보라색,0,1,1,1,무향,500,꽃다발,"화해, 이제 그만 화 풀어요",X,"공작초의 꽃말인 '화해, 이제 그만 화 풀어요'는 오해나 다툼이 있었던 사이에서 서로의 마음을 부드럽게 풀어나가려는 감정의 표현을 나타냅니다. 이 꽃은 오랜 시간 마음에 담아두었던 감정의 무게를 내려놓고, 다시금 관계를 회복하고 싶은 진심을 전하고자 할 때 사용하기 적합합니다. 특히, 오해로 인해 상처받았던 친구나 연인에게 진심을 전달하고자 할 때, 이 꽃은 '성실함', '순수한 마음', '화해의 손길'을 상징하며 깊은 의미를 전달할 수 있습니다."
공작초,하얀색,0,1,1,1,무향,500,꽃다발,"순수함, 영성",X,"공작초의 꽃말인 '순수함'과 '영성'은 내면의 순결함과 정신적인 깊이를 상징합니다. 이 꽃은 자신의 본연의 아름다움과 내적인 평화를 추구하는 사람들에게 깊은 공감과 울림을 줄 수 있습니다. 따라서, 정신적 성장을 추구하거나 자아성찰의 시기를 겪고 있는 이들에게 공작초는 그들의 여정을 응원하고 지지하는 의미에서 선물하기에 적절합니다."
공작초,분홍색,0,1,1,1,무향,500,꽃다발,"사랑, 애정, 부드러움",X,"공작초의 꽃말인 사랑, 애정, 부드러움은 따뜻하고 부드러운 감정을 표현하는 데 적합합니다. 이 꽃은 사랑하는 이에게 자신의 따뜻한 마음을 전달하고, 서로에 대한 애정과 존중을 강조하고자 할 때 특히 의미가 깊습니다. 따라서 연인이나 가까운 친구, 가족에게 진심을 전하고 싶은 순간에 공작초를 선물하면 그 마음이 잘 전달될 것입니다."
네리네,하얀색,1,0,1,1,무향,3100,꽃다발,다시 만날 그날까지,X,"네리네의 꽃말 ""다시 만날 그날까지""는 장기적인 이별이나 잠시 떨어져 있어야 하는 상황에서의 약속과 기대를 담고 있습니다. 이는 이별의 슬픔을 견디면서도 미래의 재회를 향한 희망과 기다림의 감정을 표현합니다. 따라서, 장기 출장, 유학, 군 복무 등으로 인해 사랑하는 이와 잠시 헤어져 있어야 하는 사람들에게 이 꽃을 선물하면, 포기하지 않고 기다릴 것이라는 약속의 의미를 전달할 수 있습니다."
네리네,분홍색,1,0,1,1,무향,3100,꽃다발,다시 만날 그날까지,X,"네리네의 꽃말 ""다시 만날 그날까지""는 장기간의 이별이나 잠시 떨어져 있어야 하는 사이의 약속과 기다림의 감정을 내포합니다. 이 꽃은 재회의 기약과 희망을 상징하며, 장거리 연애 중인 커플이나 해외로 유학 혹은 장기 출장을 가는 이에게 선물하기 적절합니다. 이는 포기하지 않는 인내와 변치 않는 애정을 의미하며, 서로를 향한 믿음과 기대를 키워드로 담고 있습니다."
브루니아,회색,0,0,1,0,무향,4000,꽃다발,"사랑의 방문, 불변",X,"브루니아의 꽃말인 '사랑의 방문'과 '불변'은 일상 속에서 예기치 않게 찾아오는 진실된 사랑과 그 사랑이 시간이 지나도 변치 않는다는 깊은 약속을 상징합니다. 이 꽃은 오랜 시간 동안 변함없이 한결같은 마음을 지닌 사람에게, 혹은 오랫동안 소원해왔던 사랑이 이루어진 순간을 축하하는 의미로 선물하기에 적합합니다. 키워드로는 '진실함', '영원함', '충성'을 들 수 있습니다."
왁스플라워,하얀색,1,1,1,1,강한향,3300,꽃다발,"순수함, 신성함",X,"왁스플라워의 꽃말인 '순수함'과 '신성함'은 맑고 깨끗한 마음, 그리고 어떠한 흠도 없이 완벽하게 보호받아야 할 가치가 있다는 감정을 나타냅니다. 이러한 꽃은 인생에서 새로운 출발을 알리거나 순수한 사랑을 표현하고자 할 때 매우 적절합니다. 특히 결혼식이나 세례와 같은 신성하게 여겨지는 행사에서 왁스플라워를 선물하면, 그 순결하고 거룩한 순간의 의미를 더욱 풍부하게 전할 수 있습니다."
왁스플라워,분홍색,1,1,1,1,강한향,3300,꽃다발,"사랑, 로맨스",X,"왁스플라워의 꽃말인 '사랑', '로맨스'는 깊고 오랜 애정을 상징하며, 이는 연인 간의 변치 않는 사랑과 섬세한 애정을 표현합니다. 이 꽃은 특히 장기간의 관계에서 서로에 대한 사랑과 존중이 여전히 강하고 신선하다는 메시지를 전달하는 데 적합합니다. 따라서 연인의 기념일이나, 오랜 시간을 함께한 부부가 서로의 지속적인 사랑과 로맨스를 재확인하는 순간에 특히 의미 있는 선물이 될 수 있습니다."
왁스플라워,노란색,1,1,1,1,강한향,3300,꽃다발,"행복, 희망",X,"왁스플라워의 꽃말인 '행복'과 '희망'은 어려움 속에서도 빛을 잃지 않고 긍정적인 기운을 유지하는 내면의 힘을 상징합니다. 이 꽃은 삶의 어려운 순간에 직면한 친구나 사랑하는 사람에게 용기를 북돋아주고, 앞으로 나아갈 수 있는 희망을 선물하고자 할 때 매우 적절합니다. 특히, 꿋꿋함과 불굴의 의지를 가진 사람에게 행복과 희망의 메시지를 전하고자 할 때 왁스플라워는 감동적인 선물이 될 수 있습니다."
왁스플라워,보라색,1,1,1,1,강한향,3300,꽃다발,"신비, 영감",X,"왁스플라워의 꽃말인 '신비'와 '영감'은 그 자체로 깊은 내면의 감동과 무한한 가능성을 상징합니다. 이 꽃은 이해할 수 없는 신비로움과 창조적 영감을 불러일으키는 데 탁월하여, 예술가나 작가, 혹은 일상에서 새로운 영감을 찾고 있는 이들에게 특히 의미가 깊습니다. 창의적인 노력을 지속하거나 새로운 프로젝트를 시작하는 사람에게 선물하면 그들의 재능과 가능성을 격려하고 응원하는 표현이 될 수 있습니다."
왁스플라워,빨간색,1,1,1,1,강한향,3300,꽃다발,"열정, 사랑",X,"왁스플라워의 꽃말인 '열정'과 '사랑'은 깊고 진정한 애정과 끊임없는 헌신을 상징합니다. 이 꽃은 강렬한 감정과 열정적인 사랑을 표현하고자 할 때 매우 적합하며, 연인 간의 중요한 기념일이나 프러포즈 등 사랑을 고백하고자 하는 특별한 순간에 이상적입니다. 왁스플라워는 그 자체로 열정적인 사랑의 강렬함과 지속적인 애정의 따뜻함을 전달하는 데 탁월한 선택이 될 것입니다."
리아트리스,보라색,0,1,0,0,무향,3000,꽃다발,"팔방미인, 고결",X,"리아트리스의 꽃말인 ""팔방미인""과 ""고결""은 다재다능하고, 순수하며, 도덕적으로 깨끗한 성격을 상징합니다. 이 꽃은 여러 분야에서 뛰어난 재능과 높은 윤리적 가치를 겸비한 사람에게 적합하며, 그들의 성실하고 우아한 노력을 인정받아야 할 때 특히 의미가 깊습니다. 예를 들어, 다양한 업적을 이룬 학자나 예술가, 혹은 직업적 성취가 뛰어난 친구나 동료에게 리아트리스를 선물해 그들의 순수함과 고결함을 칭찬하는 것이 적절합니다."
카라,하얀색,0,1,1,1,은은한향,6000,꽃다발,"순수함, 깨끗함, 존엄한, 신비함",X,"카라 꽃말인 '순수함, 깨끗함, 존엄한, 신비함'은 깊은 내면의 순결함과 얼룩진 것 없이 맑고 투명한 기운, 그리고 자신만의 독특하고 신비로운 아름다움을 나타냅니다. 이 꽃은 자신의 가치와 신념을 굳건히 지키며 살아가는 사람, 혹은 특별하고 순수한 마음을 지닌 사람에게 특히 의미가 있습니다. 이러한 카라는 새로운 시작을 맞이하는 친구나 동료에게 격려와 순수한 응원의 메시지를 전달하는 데 적합합니다."
카라,빨간색,0,1,1,1,은은한향,6000,꽃다발,"사랑의 고백, 강렬한 아름다움",X,"카라의 꽃말인 '사랑의 고백'과 '강렬한 아름다움'은 진심 어린 사랑과 그 사랑의 강렬하고도 순수한 표현을 의미합니다. 이 꽃은 내면의 깊은 감정과 매혹적인 아름다움을 대담하게 드러내며, 사랑의 감정을 강렬하게 표현하고자 하는 이들에게 적합합니다. 따라서 카라는 진심을 고백하고자 하는 순간, 예를 들어 프러포즈나 중요한 기념일에 이상적인 선물이 될 수 있습니다, 특히 그 사랑이 매우 강렬하고 열정적일 때 더욱 적합합니다."
카라,노란색,0,1,1,1,은은한향,6000,꽃다발,"행복, 기쁨, 활력, 쾌활함",X,"카라의 꽃말인 '행복, 기쁨, 활력, 쾌활함'은 일상에서의 작은 순간들에도 긍정적인 에너지와 활기를 찾으며 즐기는 태도를 상징합니다. 이 꽃은 새로운 시작이나 도전을 앞둔 사람, 혹은 생활에 활력이 필요한 이에게 특히 적절하며, 그들에게 희망과 용기를 북돋아 줄 수 있습니다. 카라는 그러한 긍정적 감정을 표현하고 싶은 모든 순간에 이상적인 선물이 됩니다."
카라,분홍색,0,1,1,1,은은한향,6000,꽃다발,"사랑, 로맨스, 부드러움",X,"카라의 꽃말인 사랑, 로맨스, 부드러움은 따뜻하고 섬세한 감정의 표현을 나타냅니다. 이 꽃은 깊은 애정과 부드러운 정성을 담아 전달하고자 하는 이들에게 이상적입니다. 로맨틱한 관계를 더욱 깊고 의미 있게 발전시키고자 하는 중요한 순간이나, 애정을 표현하고 싶은 특별한 날에 카라를 선물하면 그 마음이 잘 전달될 것입니다."
카라,보라색,0,1,1,1,은은한향,6000,꽃다발,"로열티, 독창성, 귀족적인 아름다움",X,"카라 꽃의 꽃말인 로열티, 독창성, 귀족적인 아름다움은 충성심이 깊고, 스스로의 개성을 중요시하며 격조 높은 아름다움을 소중히 여기는 감정을 표현합니다. 이 꽃은 독창적인 아이디어와 섬세한 감각을 가진 사람, 또는 어려운 상황에서도 변함없는 충성심을 보여준 이에게 주는 선물로 적합합니다. 이러한 꽃은 특히 예술가, 디자이너, 혹은 오랜 시간 동안 깊은 우정이나 사랑을 유지해온 사람들에게 의미 있는 선물이 될 수 있습니다."
작약,분홍색,1,0,0,0,강한향,3000,꽃다발,"수줍음, 부끄러움",X,"작약의 꽃말인 '수줍음'과 '부끄러움'은 부드럽고 은밀한 감정을 상징합니다. 이는 내면의 순수하고 섬세한 감정들을 표현하며, 때로는 말로 표현하기 어려운 섬세한 마음의 상태를 나타냅니다. 이 꽃은 특히 새로운 관계에서 서로의 감정을 조심스럽게 탐색하고 있는 연인들에게 적합하며, 상대에 대한 섬세한 배려와 순수한 마음을 전달하는 데 효과적입니다."
작약,하얀색,1,0,0,0,강한향,3000,결혼,행복한 결혼,X,"작약의 꽃말인 '행복한 결혼'은 안정적이고 따뜻한 가정생활과 긴밀한 파트너십을 상징합니다. 이 꽃은 부부간의 깊은 애정과 서로에 대한 신뢰와 존중을 표현하는데 아주 적합하며, 결혼 기념일이나 결혼식에서 선물로 주기에 탁월한 선택입니다. 작약은 그 자체로 우아하고 풍성한 모습을 가지고 있어, 사랑과 헌신을 장엄하게 나타내는 꽃입니다."
작약,빨간색,1,0,0,0,강한향,3000,꽃다발,성실함,X,"작약의 꽃말인 '성실함'은 변함없는 충실함과 꾸준한 노력을 상징합니다. 이 꽃은 깊은 신뢰와 오랜 시간 동안 변치 않는 애정을 보여주고자 할 때 매우 적합합니다. 따라서, 오랜 기간 동안 변함없이 한 길을 걸어온 사람, 예를 들어 직장에서 오랜 기간 근무한 동료나 결혼기념일을 맞이한 부부에게 선물하기 좋은 꽃입니다."
안시리움,빨간색,1,1,1,1,무향,8000,꽃다발,"불타는 마음, 번뇌",X,"안시리움의 꽃말인 '불타는 마음, 번뇌'는 강렬하고 열정적인 감정의 표현을 나타냅니다. 이는 뜨거운 사랑 또는 깊은 열망이 깃든 감정의 소용돌이를 의미할 수 있으며, 때로는 그 열정이 마음에 부담을 주는 번뇌와 고민으로 이어질 수 있습니다. 이 꽃은 열정적인 사랑을 표현하고자 하거나, 한편으로는 그 사랑으로 인한 내적 갈등을 겪고 있는 사람에게 적합하며, 그들의 깊은 감정과 내면의 싸움을 공감하고 위로하는데 사용될 수 있습니다."
안시리움,분홍색,1,1,1,1,무향,8000,꽃다발,"불타는 마음, 번뇌",X,"안시리움의 꽃말인 '불타는 마음'과 '번뇌'는 깊은 열정과 동시에 그 열정이 가져다주는 내적 갈등 또는 불안정함을 나타냅니다. 이 꽃은 강렬한 감정을 표현하고자 할 때, 혹은 내면의 갈등을 겪고 있지만 그에 굴하지 않고 열정을 유지하려는 사람에게 적합합니다. 이는 열정적 사랑, 직업에 대한 깊은 헌신, 또는 취미나 꿈에 대한 강한 애착과 같이 성실함과 우아함을 지니면서도 때때로 그로 인한 내적 갈등을 경험하는 상황에 아주 적절하다고 할 수 있습니다."
안시리움,하얀색,1,1,1,1,무향,8000,꽃다발,"불타는 마음, 번뇌",X,"1. 안시리움의 꽃말인 ""불타는 마음, 번뇌""는 강렬하고 열정적인 감정을 나타냅니다. 이는 한 사람에 대한 강한 애정 또는 어떤 목표에 대한 불꽃 같은 열망을 의미하며, 동시에 그 열정이 가져오는 내적 갈등이나 불안정함을 내포하고 있습니다.

2. 이 꽃은 깊은 사랑을 표현하고자 할 때, 또는 어떤 중대한 목표나 꿈을 향해 열정적으로 나아가는 사람에게 격려의 의미로 적절합니다. 진실된 사랑의 고백이나, 끊임없이 도전하는 이들의 노력을 지지하고 싶을 때 안시리움을 선물하세요.

3. 키워드: 열정, 사랑, 도전, 내적 갈등, 지지"
안시리움,초록색,1,1,1,1,무향,8000,꽃다발,"불타는 마음, 번뇌",X,"1. 안시리움의 꽃말인 '불타는 마음, 번뇌'는 강렬하고 열정적인 감정을 뜻하며, 동시에 그 열정이 초래할 수 있는 내적 갈등이나 불안정함을 의미합니다. 이는 사랑이나 열망이 강렬할수록 겪게 되는 심리적 충돌과 갈망의 양면성을 나타냅니다.

2. 안시리움은 강한 열정을 품고 있으나 그로 인한 마음의 동요를 겪고 있는 사람에게 적합합니다. 예를 들어, 강렬한 사랑을 느끼면서도 그 사랑의 이루어질지에 대한 불확실성에 힘들어하는 이에게 이 꽃을 선물하면, 그들의 감정을 공감하고 위로하는 의미를 전달할 수 있습니다.

3. 키워드: 열정, 갈등, 강렬함, 내적 동요, 불확실한 사랑"
아미초,하얀색,1,1,1,0,무향,800,꽃다발,사랑의 소식,X,"1. 아미초의 꽃말인 ""사랑의 소식""은 기쁜 연애 소식이나 사랑의 고백과 같은 즐거운 감정을 전달하는 데 적합합니다. 이 꽃은 사랑의 시작을 알리는 상징으로, 희망과 설렘을 내포하고 있습니다.

2. 아미초는 새로운 관계를 시작하는 연인이나 오랫동안 마음속에 간직해온 사랑을 고백하려는 사람에게 적합합니다. 또한 긍정적인 사랑의 소식을 기대하거나, 사랑의 메시지를 전달하고 싶은 순간에도 아주 좋은 선택이 될 수 있습니다.

3. 키워드: 설렘, 희망, 사랑의 시작, 감정 전달"
심비디움,분홍색,1,0,1,0,은은한향,13000,꽃다발,"미인, 귀부인, 우아한 여인",X,"1. 심비디움의 꽃말인 ""미인, 귀부인, 우아한 여인""은 고상함과 세련된 아름다움을 상징합니다. 이는 내면의 아름다움과 품격, 그리고 외적인 우아함을 모두 갖춘 이를 표현하는 데 적합한 감정을 담고 있습니다.

2. 이 꽃은 특별한 성취를 이룬 여성, 예를 들어 졸업이나 승진을 축하하는 자리에 적합합니다. 또한, 고상하고 우아한 품성을 가진 사람에게 감사의 마음을 전달하고자 할 때 주기에도 적합한 선택입니다.

3. 주요 키워드는 ""우아함"", ""고상함"", ""내면의 아름다움""입니다. 이 꽃은 받는 이의 섬세하고 깊은 내적 가치와 외적 품격을 동시에 칭찬하는 데 사용될 수 있습니다."
심비디움,노란색,1,0,1,0,은은한향,13000,꽃다발,"미인, 귀부인, 우아한 여인",X,"1. 심비디움의 꽃말인 ""미인, 귀부인, 우아한 여인""은 고귀하고 세련된 아름다움을 상징합니다. 이는 내외적으로 아름다운 존재, 즉 품격 있고 자신의 매력을 타인에게 자연스럽게 발산하는 사람을 의미하며, 그 우아함이 고스란히 표현된 것입니다.

2. 심비디움은 특별한 날, 예를 들어 모임이나 행사에서 자신의 우아함과 품격을 드러내고 싶은 여성에게 적합합니다. 또한, 중요한 비즈니스 미팅이나 공식적인 자리에서 자신의 세련되고 귀부인 같은 이미지를 강조하고자 하는 사람에게도 아주 어울립니다.

3. 키워드: 우아함, 품격, 세련됨, 내외적 아름다움, 자연스러운 매력"
스토크,하얀색,1,0,1,1,강한향,3800,꽃다발,"영원한 사랑, 사랑의 굴레, 역경",X,"스토크의 꽃말 ""영원한 사랑, 사랑의 굴레, 역경""은 강인하고 변하지 않는 사랑의 힘을 의미합니다. 이 꽃은 사랑하는 사이에서도 때로는 역경과 어려움이 따르나, 그럼에도 불구하고 사랑을 지속하며 서로를 향한 깊은 애정과 헌신을 상징합니다. 따라서, 오랜 시간 동안 함께하며 여러 시련을 겪었지만 여전히 서로를 깊이 사랑하는 연인이나 부부에게 스토크 꽃을 선물하면 그들의 끈끈한 사랑과 서로에 대한 믿음을 강조하고 격려하는 의미를 전달할 수 있습니다."
스토크,분홍색,1,0,1,1,강한향,3800,꽃다발,"영원한 사랑, 사랑의 굴레, 역경",X,"스토크의 꽃말인 '영원한 사랑', '사랑의 굴레', '역경'은 깊은 애정과 끈끈한 유대감을 나타내면서도 그 사랑이 때로는 어려움과 시련을 수반할 수 있음을 의미합니다. 이는 비록 사랑이 때때로 힘든 도전과 제약을 가져올 수 있지만, 그럼에도 불구하고 그 사랑을 포기하지 않고 꾸준히 지켜나가겠다는 강인한 의지를 상징합니다.

따라서 스토크는 오랜 시간 동안 서로를 지지하며 어려움을 함께 극복해온 파트너에게 적합합니다. 특히 결혼기념일이나 중요한 기념일에 이 꽃을 선물하면, 그동안의 사랑을 되새기고 앞으로도 변함없이 서로를 지킬 의지를 표현하는 데 매우 의미 있는 선택이 될 것입니다."
스토크,보라색,1,0,1,1,강한향,3800,꽃다발,"영원한 사랑, 사랑의 굴레, 역경",X,"스토크의 꽃말인 '영원한 사랑', '사랑의 굴레', '역경'은 장기간의 관계 속에서 겪는 다양한 시험과 도전을 말합니다. 이 꽃은 사랑이 단순히 아름다움만이 아니라, 시간을 통해 견디고 이겨내야 하는 인내와 헌신을 상징합니다. 따라서 오랜 시간 동안 굳건히 사랑을 지켜온 파트너나, 어려움을 함께 겪으며 더욱 깊어진 관계의 연인에게 스토크는 특별한 의미를 전달할 수 있는 완벽한 선물입니다. 이 꽃은 성실함, 우아함, 포기하지 않는 정신이 필요한 순간에 특히 의미가 깊습니다."
스카비오사,하얀색,1,1,1,1,무향,800,꽃다발,"운치, 사랑을 잃다",X,"스카비오사의 꽃말인 '운치'와 '사랑을 잃다'는 섬세하고 복잡한 감정의 표현을 담고 있습니다. 이 꽃은 과거의 사랑을 아름답게 회상하면서도, 그 사랑이 끝났음을 슬프게 받아들이는 감정을 대변합니다. 이러한 스카비오사는 이별을 겪은 이후 자신의 감정을 성찰하며 아름다운 추억을 기리고 싶어하는 사람에게 적합하며, 이 과정에서 우아함과 순수한 감정의 재조명을 도와줄 수 있습니다."
스카비오사,보라색,1,1,1,1,무향,800,꽃다발,"운치, 사랑을 잃다",X,"스카비오사의 꽃말인 '운치'와 '사랑을 잃다'는 아련하고 서정적인 감정을 나타냅니다. 이는 과거의 사랑을 회상하며 그 아름다웠던 순간들을 기리는 동시에, 사랑의 소실로 인한 섬세하고 애잔한 아픔을 내포하고 있습니다. 이 꽃은 과거의 중요한 관계를 추억하고, 그 관계로부터 자연스럽게 이어지는 쓸쓸함과 성찰을 경험하는 이들에게 적합합니다. 키워드로는 '회상', '아련함', '성찰'을 들 수 있습니다."
석죽,초록색,1,0,1,1,강한향,600,꽃다발,"재능, 평정, 무욕",X,"석죽의 꽃말인 '재능, 평정, 무욕'은 진정한 자기 자신의 가치를 깨닫고, 내면의 평화와 자기 만족을 추구하는 감정을 나타냅니다. 이 꽃은 겉으로 드러내지 않고 조용히 자신의 능력을 갈고닦는 사람에게 특히 의미가 깊으며, 경쟁과 욕심에서 벗어나 진정한 자아를 발견하고자 하는 순간에 적합합니다. 석죽은 그러한 성실함과 자기 자신의 유능함을 조용히 인정하면서도, 그것에 집착하지 않는 우아함과 겸손함을 상징합니다."
석죽,빨간색,1,0,1,1,강한향,600,꽃다발,"재능, 평정, 무욕",X,"석죽의 꽃말인 재능, 평정, 무욕은 차분하고 균형 잡힌 내면의 힘과 자신의 욕구를 넘어선 타인에 대한 배려와 이해를 상징합니다. 이 꽃은 자신의 능력을 조용히 발휘하면서도, 주변에 휘둘리지 않고 자신의 길을 가는 사람들에게 매우 적합합니다. 예를 들어, 큰 성공을 이루었으나 겸손을 잃지 않은 이들, 또는 중요한 결정을 앞두고 내적 평화를 유지해야 하는 이들에게 특히 의미 있는 선물이 될 것입니다."
석죽,하얀색,1,0,1,1,강한향,600,꽃다발,"재능, 평정, 무욕",X,"석죽의 꽃말인 재능, 평정, 무욕은 자신의 내면적 능력을 깊이 있게 이해하고, 외부의 유혹이나 욕구에 흔들리지 않는 안정적이며 겸손한 태도를 상징합니다. 이 꽃은 자신의 능력을 조용히 발휘하면서도 겸손함을 잃지 않는 사람, 또는 꾸준히 자기 개발에 힘쓰며 내적인 성장을 추구하는 이에게 특히 의미가 깊습니다. 석죽은 차분하고 깊은 성찰을 통해 자신의 경로를 탐색하는 사람들에게 격려와 존경의 마음을 전달하는데 적합한 꽃입니다."
석죽,분홍색,1,0,1,1,강한향,600,꽃다발,"재능, 평정, 무욕",X,"석죽의 꽃말인 재능, 평정, 무욕은 사람의 내면적인 조화와 스스로의 능력을 인정하며, 그에 대한 욕심을 내려놓는 평화로운 상태를 나타냅니다. 이 꽃은 자신의 재능을 겸손하게 받아들이고, 주변 상황에 흔들리지 않는 평정심을 유지하려는 이들에게 특히 의미 있을 것입니다. 따라서 자기 자신의 가치를 조용히 발휘하며, 삶의 소란 속에서도 자신의 중심을 잃지 않는 사람들, 또는 그런 태도를 배우고자 하는 이들에게 석죽을 선물하는 것이 적절합니다."
맨드라미,빨간색,1,1,1,1,은은한향,1300,꽃다발,시들지 않는 사랑,X,"맨드라미의 꽃말인 '시들지 않는 사랑'은 변함없고 지속적인 애정과 충성을 상징합니다. 이 꽃은 긴 시간을 거쳐서도 변치 않는 강인한 정서와 끈기를 표현하며, 그러한 속성 때문에 오랜 기간 동안 일관된 사랑과 지지를 보여준 사람에게 보내는 선물로 적합합니다. 특히, 장기간의 파트너십이나 오랜 우정, 또는 항상 굳건히 자리를 지키는 가족 구성원에게 이 맨드라미는 그들의 성실함과 재능, 우아함을 인정하고 감사하는 마음을 전하는 데 이상적입니다."
맨드라미,주황색,1,1,1,1,은은한향,1300,꽃다발,시들지 않는 사랑,X,"맨드라미의 꽃말인 '시들지 않는 사랑'은 변함없이 지속되는 강렬하고 순수한 애정을 상징합니다. 이 꽃은 신뢰와 헌신이 필요한 관계에서, 특히 오랜 시간 동안 서로를 지지하며 성장한 파트너나 오랫동안 변함없이 지켜온 우정에게 전달하기 적합합니다. 이는 '지속성', '충성', '끈기'라는 키워드로 감정의 깊이를 표현하며, 받는 이에게 영원한 사랑과 지지의 메시지를 전달합니다."
맨드라미,노란색,1,1,1,1,은은한향,1300,꽃다발,시들지 않는 사랑,X,"맨드라미의 꽃말인 '시들지 않는 사랑'은 변하지 않는 강한 애정과 영원한 헌신을 상징합니다. 이는 관계에서의 깊고 지속적인 연결감과 끊임없이 이어지는 지지를 의미하며, 어떠한 환경 변화에서도 변치 않는 마음을 나타냅니다. 이 꽃은 오랜 시간을 함께한 파트너나 깊은 우정을 지닌 친구에게 적합하며, 그들에게 변함없는 사랑과 지지를 전달하고 싶을 때 특히 의미 있게 사용될 수 있습니다."
맨드라미,초록색,1,1,1,1,은은한향,1300,꽃다발,시들지 않는 사랑,X,"맨드라미의 꽃말인 '시들지 않는 사랑'은 변함없이 꾸준한 애정과 끊임없는 충성을 의미합니다. 이 꽃은 극복과 인내의 상징으로, 어려운 시간을 함께 견디고 아직 변하지 않는 마음을 전하고자 하는 사람에게 이상적입니다. 특히 오랜 시간을 함께 보낸 파트너나, 오랜 시간 동안 변함없이 지켜준 가족, 친구에게 감사의 마음을 전달하고자 할 때 매우 적절한 선물이 됩니다."
맨드라미,분홍색,1,1,1,1,은은한향,1300,꽃다발,시들지 않는 사랑,X,"맨드라미의 꽃말인 '시들지 않는 사랑'은 변함없고 지속적인 애정과 헌신을 상징합니다. 이 꽃은 변치 않는 성실함과 깊은 연민을 내포하며, 그 사랑의 깊이가 시간이 지나도 변하지 않음을 의미합니다. 오랜 시간 동안 변함없이 한결같은 사랑과 지지를 보여주고 싶은 이, 또는 어려운 시간을 견뎌낸 후에도 변하지 않는 감정을 표현하고자 하는 사람에게 맨드라미는 이상적인 선물입니다."
맨드라미,갈색,1,1,1,1,은은한향,1300,꽃다발,시들지 않는 사랑,X,"맨드라미의 꽃말인 '시들지 않는 사랑'은 변하지 않는 강한 정성과 충성심, 그리고 끊임없는 애정을 상징합니다. 이 꽃은 장기간에 걸쳐 꾸준히 한결같은 사랑을 지속적으로 표현하고자 하는 이들에게 가장 적합합니다. 따라서 오랜 시간 동안 변함없이 사랑을 유지하고 있는 파트너나, 어려움에도 불구하고 포기하지 않고 관계를 지키려는 사람에게 맨드라미를 선물하는 것은 그들의 노력과 충실함을 인정하고 격려하는 의미로 탁월한 선택이 될 것입니다."
디알리아,하얀색,0,1,1,0,은은한향,6000,꽃다발,"순수함, 깨끗함",X,"디알리아의 꽃말인 순수함과 깨끗함은 맑고 투명한 마음을 상징하며, 어떠한 오염이나 가식 없이 자신의 본연의 모습을 그대로 드러내는 진실된 감정을 나타냅니다. 이 꽃은 새로운 시작을 앞둔 이들, 혹은 새로운 관계를 맺고자 하는 순수한 의도를 가진 사람에게 특히 적합합니다. 디알리아는 그 자체로도 우아하고 깨끗한 에너지를 전달하며, 받는 이에게 순수한 응원과 지지의 메시지를 전달할 수 있습니다."
디알리아,분홍색,0,1,1,0,은은한향,6000,꽃다발,"우정, 기쁨, 행복",X,"1. 디알리아의 꽃말인 우정, 기쁨, 행복은 따뜻하고 긍정적인 대인 관계를 상징합니다. 이 꽃은 사람들 사이의 친밀함과 서로를 향한 기쁨의 표현, 그리고 그로 인해 발생하는 행복한 순간들을 의미합니다.

2. 디알리아는 오랜 시간 동안 변함없이 서로를 지지하고, 즐거운 순간을 함께 나눈 친구에게 선물하기에 적합합니다. 특히, 친구가 중요한 성취를 이룬 축하의 순간이나, 긍정적인 변화를 경험할 때 그 의미를 더욱 돋보이게 해줄 수 있습니다.

3. 키워드: 우정, 기쁨, 행복, 친밀함, 긍정적 변화"
디알리아,보라색,0,1,1,0,은은한향,6000,꽃다발,"고귀함, 심비로움",X,"디알리아의 꽃말인 '고귀함'과 '심비로움'은 섬세하고 숭고한 아름다움을 지니며, 내면의 귀중함과 영혼의 아름다움을 표현합니다. 이 꽃은 자신의 가치를 알고 자신만의 길을 걸어가는 사람, 또는 진정한 아름다움과 귀중함을 인식할 수 있는 능력을 가진 이에게 특히 의미가 깊을 것입니다. 디알리아는 예술가나 창조적인 일을 하는 사람들에게 영감을 주거나, 자기 자신에게 충실하며 자신의 고유한 가치를 소중히 여기는 사람들에게 격려와 찬사를 보낼 때 적합한 선물이 될 수 있습니다."
라넌큘러스,빨간색,1,0,0,1,은은한향,3500,꽃다발,당신은 매력적이다,X,"1. 라넌큘러스의 꽃말 ""당신은 매력적이다""는 받는 이의 아름다움과 매력을 인정하고 감탄하는 감정을 표현합니다. 이는 단순히 외모뿐만 아니라, 그 사람의 성품이나 특징적인 재능에 대한 칭찬을 포함할 수 있습니다.

2. 라넌큘러스는 친구나 동료가 중요한 성과를 이루었거나 특별한 개인적인 매력을 발휘하는 순간에 적합한 선물입니다. 예를 들어, 프로모션을 받았을 때나 개인적인 노력으로 큰 성취를 이룬 사람에게 전달하면 그들의 재능과 매력을 격려하는 데 효과적일 것입니다.

3. 이 꽃은 '매력적인', '재능 있는', '성취된' 등의 감정을 아름답고 섬세한 방식으로 전달할 수 있는 완벽한 매개체입니다."
라넌큘러스,분홍색,1,0,0,1,은은한향,3500,꽃다발,꾸밈없는 아름다움,X,"라넌큘러스의 꽃말인 '꾸밈없는 아름다움'은 자연스러움과 솔직한 내면의 가치를 강조합니다. 이 꽃은 겉모습뿐 아니라 진실된 감정과 순수한 마음을 중요시하는 사람들에게 아주 적절한 선물이 될 수 있습니다. 예를 들어, 진심을 다해 노력하고 자신의 본연의 모습을 소중히 여기는 친구나 동료에게 격려나 감사의 표현으로 전달하면 그 의미가 더욱 깊어질 것입니다."
라넌큘러스,주황색,1,0,0,1,은은한향,3500,꽃다발,비밀,X,"라넌큘러스의 꽃말인 '비밀'은 깊고 은밀한 감정이나 숨겨진 사랑의 감정을 상징합니다. 이 꽃은 내면의 섬세한 감정을 표현하는 데 적합하며, 고백하지 못한 사랑이나 오랫동안 간직해 온 비밀스러운 감정을 가진 사람에게 특히 의미 있는 선물이 될 수 있습니다. 라넌큘러스는 그 자체로 세심함과 우아함을 띠며, 말로 표현하기 어려운 깊은 감정의 전달 수단으로 활용될 수 있습니다."
라넌큘러스,노란색,1,0,0,1,은은한향,3500,꽃다발,친절한 배려,X,"라넌큘러스의 꽃말인 '친절한 배려'는 따뜻하고 세심한 마음을 표현하는 감정을 나타냅니다. 이 꽃은 상대방을 배려하고 그들의 기분을 고려하는 섬세한 태도와 마음씨를 상징합니다. 친한 친구나 동료가 어려움을 겪고 있을 때, 그들에게 위로와 응원을 전달하고자 할 때 라넌큘러스는 완벽한 선택이 될 수 있으며, 그들이 소중하게 여겨지고 있음을 느끼게 해줄 것입니다."
라넌큘러스,하얀색,1,0,0,1,은은한향,3500,꽃다발,순결,X,"라넌큘러스의 꽃말인 '순결'은 순수하고 오염되지 않은 사랑 또는 감정을 상징합니다. 이 꽃은 감정의 순수함과 진실성을 중요시하는 사람들에게 특히 적합하며, 새로운 관계를 시작하거나, 진심을 다해 축하를 전하고자 할 때 표현 수단으로 사용하기 좋습니다. 라넌큘러스는 그 자체로도 우아하며, 순수한 마음을 가진 사람이나 상대방에게 진심을 전달하고자 할 때 더욱 의미 깊은 선물이 될 수 있습니다."
베로니카,하얀색,1,1,1,1,무향,2800,꽃다발,"충실, 견고",X,"베로니카의 꽃말인 '충실'과 '견고'는 깊고 변하지 않는 신뢰와 헌신을 상징합니다. 이는 어려움과 시련 속에서도 굳건히 자신의 의지를 지키며, 한결같은 모습으로 사랑과 우정을 지키는 강인함을 나타냅니다. 따라서, 오랜 시간 동안 변함없이 서로를 지지하며 관계를 유지해온 친구나 동료, 또는 극복해야 할 어려움이 많은 중대한 생애 이벤트를 앞둔 이에게 베로니카는 특별한 의미를 전달할 수 있는 완벽한 선물이 될 것입니다."
베로니카,보라색,1,1,1,1,무향,2800,꽃다발,"충실, 견고",X,"베로니카 꽃말인 '충실'과 '견고'는 깊은 신뢰와 변하지 않는 태도를 상징합니다. 이는 인간 관계에서의 끊임없는 지지와 변함없는 애정을 의미하며, 어려움 속에서도 흔들리지 않는 강한 의지와 성실함을 나타냅니다. 따라서, 오랜 시간 동안 변함없이 서로를 지지해 온 친구나 파트너에게 감사의 마음을 전하고자 할 때, 또는 힘든 상황을 견디고 있는 사람에게 희망과 용기를 주고자 할 때 베로니카 꽃을 선물하는 것이 적절합니다."
베로니카,분홍색,1,1,1,1,무향,2800,꽃다발,"충실, 견고",X,"베로니카의 꽃말인 '충실'과 '견고'는 깊은 신뢰와 변함없는 의지를 상징합니다. 이는 끊임없이 서로를 믿고, 어려움 속에서도 흔들리지 않는 강인한 관계의 중요성을 나타냅니다. 베로니카는 오랜 시간 동안 변함없이 서로를 지지하고, 어떠한 상황에서도 곁을 지키는 사이에게 적합하며, 그 관계가 얼마나 튼튼하고 소중한지를 표현하는 데 이상적인 꽃입니다."
캄파눌라,하얀색,1,0,0,0,무향,600,꽃다발,"따뜻한 사랑, 상냥한 사랑",X,"캄파눌라의 꽃말인 '따뜻한 사랑', '상냥한 사랑'은 부드럽고 섬세한 감정의 표현을 나타냅니다. 이는 미묘하고 조용한 방식으로 사랑과 애정을 전달하고자 할 때 매우 적절합니다. 예를 들어, 오랜 시간 동안 변함없이 한결같은 사랑을 보여준 가족 구성원이나 오랜 친구에게 이 꽃을 선물하면, 그들에게 따뜻함과 상냥함이 담긴 깊은 감사와 사랑의 메시지를 전달할 수 있습니다."
캄파눌라,분홍색,1,0,0,0,무향,600,꽃다발,"따뜻한 사랑, 상냥한 사랑",X,"캄파눌라의 꽃말인 '따뜻한 사랑', '상냥한 사랑'은 부드럽고 포근한 감정을 내포하고 있습니다. 이 꽃은 그 자체로 진심을 담은 위로와 사랑의 마음을 전달하는 데 적합하며, 연인이나 친구, 가족 간에 깊고 세심한 애정을 표현하고 싶을 때 주기에 아주 좋습니다. 캄파눌라는 섬세함과 순수한 마음을 상징하며, 어떤 어려움이나 고난 속에서도 변하지 않는 진심을 나타내는 꽃으로, 포기하지 않는 사랑의 의미를 전합니다."
캄파눌라,보라색,1,0,0,0,무향,600,꽃다발,"따뜻한 사랑, 상냥한 사랑",X,"캄파눌라의 꽃말인 ""따뜻한 사랑, 상냥한 사랑""은 부드럽고 세심한 감정의 표현을 나타냅니다. 이는 편안함과 안정감을 주며, 사랑하는 사람이나 친구에게 헌신과 애정을 전달하는 느낌을 강조합니다. 이 꽃은 오랜 시간 함께한 파트너, 가까운 친구, 또는 가족 구성원에게 감사의 마음이나 사랑을 표현하고자 할 때 매우 적합합니다. 특히, 성실하고 순수한 마음을 가진 사람이 그들의 깊은 애정과 상냥함을 전달하고자 할 때 선택하기 좋은 꽃입니다."
디디스커스,하얀색,1,0,0,0,무향,400,축하,쑥쑥 자라는 아이,X,"디디스커스의 꽃말인 '쑥쑥 자라는 아이'는 성장, 희망, 그리고 순수한 잠재력의 발휘를 상징합니다. 이 꽃은 자신의 가능성을 꾸준히 발전시켜 나가는 모든 이들, 특히 어린 아이들이나 청소년들에게 격려와 지지의 마음을 전달하는 데 적합합니다. 새로운 시작이나 발전의 여정에 있는 사람들에게 힘과 용기를 주며, 그들의 순수하고 무한한 잠재력을 응원하는 의미를 담고 있습니다."
디디스커스,보라색,1,0,0,0,무향,400,축하,쑥쑥 자라는 아이,X,"디디스커스의 꽃말인 ""쑥쑥 자라는 아이""는 성장과 발전의 아름다움을 상징합니다. 이 꽃은 지속적인 성장과 그 과정에서 나타나는 순수하고 재능 있는 모습을 의미하며, 이를 통해 끊임없는 노력과 발전의 중요성을 강조합니다.

이 꽃은 특히 어린이나 청소년에게 성장과 발전을 격려하는 상황에서 적절합니다. 예를 들어, 새 학기가 시작되거나 새로운 도전을 시작하는 아이에게 디디스커스를 선물로 주면, 그들의 성장 여정에 대한 지지와 격려의 메시지를 전달할 수 있습니다."
디디스커스,분홍색,1,0,0,0,무향,400,축하,쑥쑥 자라는 아이,X,"디디스커스의 꽃말인 '쑥쑥 자라는 아이'는 성장과 발전의 긍정적인 에너지를 담고 있습니다. 이는 무한한 잠재력과 지속적인 발전을 상징하며, 진취적이고 희망찬 미래를 응원하는 감정을 표현합니다. 따라서, 새로운 시작을 맞이하는 어린이나 청소년, 혹은 새로운 경력이나 취미를 시작한 이들에게 이 꽃을 선물하는 것은 그들의 성장과 발전을 응원하고 격려하는 감정을 전달하는 데 매우 적절합니다."
시네신스,하얀색,1,1,1,1,은은한향,300,꽃다발,영원한 사랑,X,"시네신스의 꽃말인 '영원한 사랑'은 변치 않는 감정과 시간이 지나도 변하지 않는 애정을 상징합니다. 이 꽃은 진심으로 사랑하는 파트너나 오랜 시간을 함께한 배우자에게 주는 것이 적절하며, 특별한 기념일이나 중요한 순간에 그들의 지속적인 사랑과 헌신을 보여주기 위해 선물할 수 있습니다. 꽃을 통해 '영원함', '변함없는 애정', '깊은 연결감'과 같은 감정을 표현할 수 있습니다."
시네신스,노란색,1,1,1,1,은은한향,300,꽃다발,영원한 사랑,X,"시네신스의 꽃말인 '영원한 사랑'은 한결같고 변하지 않는 깊은 정을 나타냅니다. 이 꽃은 변함없는 애정과 함께 오랜 시간 동안 굳건하게 이어지는 관계의 아름다움을 상징하며, 특히 장기간 사랑을 지켜온 연인이나 부부에게 매우 적합합니다. 이 꽃을 선물하는 것은 '당신과의 사랑은 시간이 지나도 변치 않을 것'이라는 감정을 강조하고, 그 사랑의 순수함과 영속성을 기념하는 의미를 담고 있습니다."
시네신스,분홍색,1,1,1,1,은은한향,300,꽃다발,영원한 사랑,X,"1. 시네신스의 꽃말인 '영원한 사랑'은 변치 않는 감정과 시간이 지나도 변하지 않는 애정을 의미합니다. 이 꽃은 깊고 진실된 사랑의 감정을 상징하며, 그 사랑이 영원히 지속될 것임을 약속하는 듯한 느낌을 전달합니다.

2. 시네신스는 오랜 시간을 함께하며 서로의 존재가 필수적인 파트너에게, 특히 결혼기념일이나 중요한 연인의 기념일에 적합합니다. 이 꽃은 꾸준한 사랑과 변함없는 헌신을 표현하고 싶은 이들에게 완벽한 선물이 될 수 있습니다.

3. 키워드: 영원함, 진실된 사랑, 변함없는 애정, 깊은 감정, 헌신."
니겔라,파란색,1,0,0,1,무향,3500,꽃다발,"꿈과 사랑, 신비로움",X,"니겔라의 꽃말인 '꿈과 사랑, 신비로움'은 깊고 신비로운 감정을 표현하는 데 적합합니다. 이 꽃은 그 자체로도 매혹적인 아름다움과 독특한 매력을 지니고 있어, 꿈을 꾸는 듯한 사랑의 시작을 암시할 수 있습니다. 이러한 꽃은 새로운 관계의 시작을 꿈꾸거나, 사랑하는 이에게 신비롭고 깊은 감정을 전하고자 할 때 특히 의미 있게 사용될 수 있습니다."
니겔라,하얀색,1,0,0,1,무향,3500,꽃다발,"꿈과 사랑, 신비로움",X,"니겔라의 꽃말인 '꿈과 사랑, 신비로움'은 무한한 가능성과 깊은 내면의 감정을 상징합니다. 이는 신비롭고 독특한 매력을 가진 개인의 꿈과 사랑을 향한 순수하고도 진실된 추구를 의미하며, 그 안에 담긴 예측 불가능한 매력과 깊은 감정의 세계를 나타냅니다.

이 꽃은 창의적이고 예술적인 재능을 지닌 사람이나, 자신만의 독특하고 신비로운 세계를 꿈꾸는 이들에게 적합합니다. 누군가에게 자신의 깊은 감정과 꿈을 표현하고 싶을 때, 또는 사랑하는 이와의 관계에서 독특한 매력과 깊은 이해를 나누고 싶은 순간에 니겔라를 선물하는 것이 좋습니다."
니겔라,보라색,1,0,0,1,무향,3500,꽃다발,"꿈과 사랑, 신비로움",X,"니겔라의 꽃말인 '꿈과 사랑, 신비로움'은 내면의 깊은 감정과 이상을 표현합니다. 이 꽃은 마음 속 깊이 자리 잡은 비밀스러운 사랑이나, 아직 실현되지 않은 꿈을 품고 있는 이들에게 특히 의미가 깊습니다. 신비로운 아름다움과 감춰진 열정을 지닌 사람에게 이 꽃은 그들의 내면을 드러내고, 자신만의 독특한 길을 걸어가도록 격려하는 상징으로 적합합니다."
바질꽃,보라색,0,1,0,0,강한향,2000,꽃다발,"사랑, 행운, 왕의 품격",O,"바질꽃의 꽃말인 ""사랑, 행운, 왕의 품격""은 깊이 있는 애정과 존중, 그리고 고귀함을 표현합니다. 이 꽃은 서로에 대한 진실된 사랑과 존경을 느끼는 연인이나, 고귀하고 품위 있는 행동을 중시하는 사람에게 적합하며, 특별한 순간이나 기념일에 선물하여 상대방에게 행운과 사랑을 전달하는 데 이상적입니다. 바질꽃은 또한 성실함과 재능을 겸비한 이들에게도 잘 어울리며, 그들의 노력과 성공을 축하하는 상황에 특히 의미가 깊습니다."
바질꽃,하얀색,0,1,0,0,강한향,2000,꽃다발,"사랑, 행운, 왕의 품격",O,"바질꽃의 꽃말인 '사랑, 행운, 왕의 품격'은 깊은 애정과 존경, 그리고 운명적인 긍정을 담고 있습니다. 이 꽃은 사랑하는 사람에게 진심을 표현하고자 할 때, 혹은 중요한 순간에 격려와 응원을 전하고자 할 때 특히 의미가 깊습니다. 사랑의 진정성, 행운의 기원, 그리고 존경의 마음을 전하고 싶은 순간에 바질꽃은 완벽한 선택이 될 수 있습니다."
베르가못꽃,빨간색,0,1,0,0,강한향,3500,꽃다발,감수성이 풍부함,O,"베르가못꽃의 꽃말인 '감수성이 풍부함'은 섬세하고 깊이 있는 감정을 느끼고 표현할 수 있는 능력을 상징합니다. 이런 꽃은 예술가나 작가와 같이 창의적이고 감성적인 일에 종사하는 사람들에게 특히 의미가 깊을 수 있습니다. 또한, 어려운 시기를 겪고 있는 친구나 사랑하는 사람에게 이 꽃을 선물하면 그들의 감정을 섬세하게 이해하고 지지한다는 메시지를 전달할 수 있습니다."
베르가못꽃,분홍색,0,1,0,0,강한향,3500,꽃다발,감수성이 풍부함,O,"베르가못꽃의 꽃말인 ""감수성이 풍부함""은 민감하고 예민한 감정을 섬세하게 느끼고 표현할 수 있는 능력을 함축하고 있습니다. 이러한 꽃은 감정의 깊이가 풍부한 사람, 예술가나 작가 등 창조적인 작업에 종사하는 이들에게 특히 의미 있게 다가갈 수 있습니다. 따라서 이 꽃은 감정적으로 민감한 순간이나 창의력을 요구하는 중요한 시기에 격려나 지지의 메시지를 전달하고자 할 때 적합합니다."
베르가못꽃,보라색,0,1,0,0,강한향,3500,꽃다발,감수성이 풍부함,O,"베르가못꽃의 꽃말인 '감수성이 풍부함'은 깊은 감정과 섬세함을 표현합니다. 이러한 특성은 예술적이거나 창의적인 기질을 가진 사람들에게 잘 어울립니다. 예를 들어, 새로운 프로젝트를 시작하는 예술가나 심리적으로 깊이를 탐구하고 싶은 작가에게 이 꽃을 선물하면 그들의 내면의 세계를 이해하고 공감하는 뜻을 전할 수 있습니다."
베르가못꽃,하얀색,0,1,0,0,강한향,3500,꽃다발,감수성이 풍부함,O,"베르가못꽃의 꽃말인 '감수성이 풍부함'은 깊은 감정과 섬세한 감각을 가진 사람의 특성을 나타냅니다. 이 꽃은 세상을 예민하게 느끼고, 감정의 미묘한 변화에 민감하게 반응하는 이들에게 깊은 공감과 이해를 표현하는 선물로 적절합니다. 예술가, 작가, 또는 창의적인 직업을 가진 사람들에게 특히 의미 있는 선물이 될 것이며, 그들의 재능과 섬세함을 격려하고 존중하는 메시지를 전달할 수 있습니다."
카스피아,보라색,0,1,0,0,무향,1800,꽃다발,청초한 사랑,X,"카스피아의 꽃말인 '청초한 사랑'은 순수하고 맑은 감정을 상징합니다. 이는 흔들림 없는 진실된 마음과 그 사랑의 섬세함과 깊이를 내포하고 있어, 사랑의 시작 단계에서 서로의 마음이 맑고 순수한 상태를 의미합니다. 이 꽃은 새롭게 사랑을 시작하는 연인들에게, 혹은 오랜 시간을 함께한 파트너에게도 다시금 순수한 마음을 상기시키고자 할 때 아주 적절합니다. 이는 성실함과 순수함을 키워드로 갖는 감정의 깊이를 더욱 풍부하게 전달할 수 있습니다."
카스피아,하얀색,0,1,0,0,무향,1800,꽃다발,청초한 사랑,X,"카스피아의 꽃말인 '청초한 사랑'은 순수하고 맑은 감정을 표현하며, 이는 아직 오염되지 않은 순백의 사랑을 상징합니다. 이 꽃은 성실하고 진실된 마음을 가진 사람이 자신의 첫 사랑이나 순수한 애정을 표현하고자 할 때 매우 적합합니다. 특히, 새로운 관계의 시작을 밝고 순수하게 장식하고자 하는 순간에 이 꽃을 선물하면 그 의미가 더욱 깊어질 것입니다."
카스피아,노란색,0,1,0,0,무향,1800,꽃다발,청초한 사랑,X,"카스피아의 꽃말인 '청초한 사랑'은 순수하고 맑은 감정을 표현합니다. 이 꽃은 아직 표현되지 않은 순수한 애정이나 첫 사랑의 미묘하고 섬세한 감정을 담고 있어, 서로간의 맑고 순수한 감정을 소중히 여기는 연인들에게 특히 적합합니다. 이러한 꽃은 첫 데이트나 고백의 순간에 전달하여, 순수하고 진실된 마음을 상대방에게 전달하는 데 이상적입니다."
카스피아,분홍색,0,1,0,0,무향,1800,꽃다발,청초한 사랑,X,"카스피아의 꽃말인 '청초한 사랑'은 순수하고 맑은 감정을 상징합니다. 이 꽃은 어떠한 오해나 복잡함 없이 서로를 바라보는, 맑고 순수한 사랑의 감정을 표현하는 데 적합합니다. 따라서, 첫 사랑을 기억하거나 순수한 마음을 전하고 싶은 연인에게 카스피아를 선물하는 것이 적절할 것입니다. 이 꽃은 특히 청초함과 순수함이 필요한 순간에 감정의 깊이를 더해줄 수 있습니다."
라그리스,하얀색,0,1,1,0,무향,1200,꽃다발,당신의 친절에 감사합니다,X,"라그리스의 꽃말 ""당신의 친절에 감사합니다""는 따뜻하고 배려 깊은 감정을 전달합니다. 이 꽃은 자신에게 보여준 다른 사람의 자상함과 배려를 진심으로 감사하는 마음을 표현할 때 적합합니다. 특히, 일상에서 작은 도움을 주거나 위로가 되어준 사람에게 고마움을 전하고 싶을 때, 라그리스는 그 마음을 우아하고 섬세하게 전달하는 완벽한 선택이 될 수 있습니다."
라그리스,분홍색,0,1,1,0,무향,1200,꽃다발,"순수함, 천진난만함, 영성",X,"라그리스의 꽃말인 '순수함', '천진난만함', 그리고 '영성'은 내면의 순결과 어린아이 같은 순수한 기쁨, 그리고 깊은 영적 접속을 상징합니다. 이 꽃은 마음이 투명하고, 세상에 대한 무한한 호기심과 영적인 깊이를 탐구하는 이들에게 특히 의미 있습니다. 라그리스는 새로운 시작을 맞이하거나, 자기 성찰과 영적 여정을 추구하는 사람들에게 특히 적합한 선물이 될 수 있습니다."
라그리스,파란색,0,1,1,0,무향,1200,꽃다발,"평온, 내면의 평화",X,"라그리스의 꽃말인 '평온'과 '내면의 평화'는 심리적 안정과 조화를 추구하는 감정을 상징합니다. 이 꽃은 스트레스를 많이 받거나 정신적으로 혼란을 겪고 있는 사람에게 안성맞춤입니다. 라그리스는 그들에게 마음의 평화를 되찾고, 일상의 소란함 속에서도 균형과 안정을 유지할 수 있는 힘을 제공할 것입니다. 이 꽃은 특히 심신의 안정과 평화를 되찾고자 하는 이들에게 희망과 위안을 전달하는 강력한 상징으로 작용할 수 있습니다."
라그리스,보라색,0,1,1,0,무향,1200,꽃다발,"왕족, 야망, 존경",X,"라그리스의 꽃말인 '왕족', '야망', '존경'은 깊은 자부심과 높은 이상을 추구하는 강한 의지를 상징합니다. 이 꽃은 자신의 목표와 꿈을 향해 끊임없이 노력하고, 동시에 타인의 성공을 존중하며 그들을 격려할 줄 아는 사람에게 특히 적합합니다. 따라서, 경력의 사다리를 오르고 있는 동료나 멘토, 또는 꿈을 향해 열정적으로 나아가는 사랑하는 사람에게 이 꽃을 선물하면 그들의 야망을 응원하고 존경의 마음을 표현하는 데 매우 적합할 것입니다."
플록스,보라색,1,1,1,1,은은한향,2300,결혼,우리의 마음은 하나,X,"1. 플록스의 꽃말 ""우리의 마음은 하나""는 깊은 일치감과 팀워크, 서로에 대한 믿음과 헌신을 강조합니다. 이는 단순히 같은 목표를 향해 나아가는 것을 넘어, 서로의 생각과 감정이 깊이 연결되어 있음을 의미하며, 이는 강력한 동료애나 우정, 혹은 사랑에서 찾아볼 수 있는 감정입니다.

2. 플록스는 특히 팀 프로젝트를 마무리 지을 때나, 어려운 시기를 함께 견뎌낸 친구나 동료에게 주기에 적합합니다. 또한, 오랜 시간을 함께 해온 파트너에게 그간의 공동의 노력과 서로에 대한 깊은 이해와 신뢰를 기념하며 선물하기에도 좋습니다.

3. 키워드로는 '동반자', '일치', '신뢰', '헌신' 및 '동료애'가 있습니다. 이 꽃은 서로를 향한 깊은 애정과 공감, 그리고 공동의 목표를 향한 노력을 상징하며, 함께하는 모든 순간이 소중함을 잘 표현해 줍니다."
플록스,분홍색,1,1,1,1,은은한향,2300,결혼,우리의 마음은 하나,X,"1. 플록스의 꽃말인 ""우리의 마음은 하나""는 깊은 연대감과 통합된 정신을 상징합니다. 이는 서로의 생각과 감정이 완벽하게 조화를 이루며, 목표나 꿈에 있어 동일한 방향을 향해 나아가고 있음을 의미합니다.

2. 이 꽃은 팀 프로젝트를 마치거나, 공동의 노력이 결실을 맺은 순간에 동료나 파트너에게 선물하기에 적합합니다. 서로의 노력과 성취를 기리며, 앞으로도 지속적인 협력을 다짐하는 상황에서 감정적인 연결고리와 결속력을 강화하는데 도움을 줄 수 있습니다.

3. 키워드: 연대감, 통합, 조화, 동반자, 목표 지향적"
플록스,하얀색,1,1,1,1,은은한향,2300,결혼,우리의 마음은 하나,X,"1. 플록스의 꽃말 ""우리의 마음은 하나""는 깊은 연대감과 통합된 정신을 나타냅니다. 이는 서로의 이해와 지지를 바탕으로 한 단합과 일치된 목표를 추구하는 강한 결속을 의미합니다.

2. 이 꽃은 팀 프로젝트를 마치거나 공동의 목표를 성공적으로 달성한 친구나 동료들에게 적합합니다. 서로의 노력과 협력을 인정하고 축하하는 순간, 플록스는 그들의 합심과 우정을 상징하며 감사의 마음을 전달하는 데 이상적입니다.

3. 키워드: 연대감, 단합, 목표, 지지, 결속"
플록스,파란색,1,1,1,1,은은한향,2300,결혼,우리의 마음은 하나,X,"1. 플록스의 꽃말 ""우리의 마음은 하나""는 깊은 연대감과 통합된 정신을 나타냅니다. 이는 공동의 목표나 이상을 향해 함께 나아가고자 하는 강한 결속력과 일치된 감정을 표현합니다.

2. 이 꽃은 팀 프로젝트나 단체 활동에서의 성공을 축하하거나, 동료애를 강조하고 싶은 상황에서 적절합니다. 또한, 가족이나 친구들과의 깊은 유대감을 강조하고 싶을 때 선물하기에도 좋습니다.

3. 키워드: 연대감, 통합, 결속력, 공동 목표, 동료애"
바이올렛,보라색,1,1,1,1,은은한향,2900,꽃다발,"의젓함, 고요한 사랑",X,"바이올렛의 꽃말인 '의젓함'과 '고요한 사랑'은 내면의 깊고 조용한 애정과 겸손한 자세를 내포하고 있습니다. 이 꽃은 겉으로 드러내지 않으나 항상 일관된 사랑과 지지를 보내는 사람에게 특히 적합합니다. 예를 들어, 오랜 시간 동안 변함없이 당신을 응원하고 사랑해준 가족이나 친구에게 감사의 마음을 표현하고 싶을 때 바이올렛을 선물하는 것이 좋습니다."
바이올렛,파란색,1,1,1,1,은은한향,2900,꽃다발,"의젓함, 고요한 사랑",X,"바이올렛의 꽃말인 의젓함과 고요한 사랑은 차분하고 안정된 애정을 나타내며, 내면의 깊고 조용한 감정의 표현을 상징합니다. 이 꽃은 겉으로 화려하게 드러내지 않고 마음 속 깊은 곳에서 일관되게 사랑을 키워가는 사람들에게 적합합니다. 예를 들어, 오랜 시간 동안 변함없는 애정을 유지하는 연인이나, 항상 조용하고 성실하게 자신의 역할을 수행하는 가족 구성원에게 선물하면 그 의미가 잘 전달될 것입니다."
바이올렛,하얀색,1,1,1,1,은은한향,2900,꽃다발,"의젓함, 고요한 사랑",X,"바이올렛의 꽃말인 '의젓함'과 '고요한 사랑'은 차분하고 안정적인 감정의 표현을 나타냅니다. 이 꽃은 섬세하고 깊은 내면의 감정을 지니고 있으며, 소란스럽지 않고 조용히 자신의 사랑을 키워가는 모습을 상징합니다. 이러한 바이올렛은 오랜 시간 동안 꾸준히 자신의 감정을 견지하며 사랑하는 사람에게 섬세하고 진실된 마음을 전하고 싶어 하는 이에게 적합합니다. 특히, 은은한 사랑을 표현하고 싶거나, 안정적이고 신뢰할 수 있는 관계를 유지하고자 하는 상황에서 이 꽃을 선물하면 좋습니다."
팔레놉시스,분홍색,1,0,1,0,무향,15000,화분,당신을 사랑합니다,X,"팔레놉시스의 꽃말 ""당신을 사랑합니다""는 진심 어린 애정과 깊은 감정의 표현을 의미합니다. 이 꽃은 그 우아함과 섬세함으로 인해, 감정을 순수하고 성실하게 전달하고자 하는 이에게 이상적입니다. 특히 장기간의 사랑을 키워온 연인이나, 오랜 시간 동안 깊은 애정을 품어온 사람에게 사랑의 고백이나 기념일에 선물하기에 적합합니다."
칼란디바,분홍색,1,0,1,1,무향,8000,화분,설레임,X,"1. 칼란디바의 꽃말인 '설레임'은 새로운 시작, 기대감, 그리고 약간의 떨림을 포함하는 긍정적인 감정을 나타냅니다. 이 꽃은 새로운 모험, 사랑, 또는 기회를 앞둔 순간의 설레는 마음을 표현하는데 적합합니다.

2. 칼란디바는 새로운 관계를 시작하는 연인, 새로운 직업에 도전하는 친구, 또는 새로운 취미나 학문을 시작하는 사람에게 선물하기 적합합니다. 이 꽃은 그들이 느끼는 기대감과 설렘을 공감하고 지지하는 메시지를 전달합니다.

3. 키워드: 시작, 기대감, 설렘, 지지, 새로운 도전"
칼란디바,노란색,1,0,1,1,무향,8000,화분,설레임,X,"칼란디바의 꽃말인 '설레임'은 기대와 희망, 새로운 시작의 감정을 나타냅니다. 이 꽃은 새로운 관계나 변화의 순간에 있는 사람에게 특히 의미가 깊으며, 그 설레는 순간을 상징적으로 표현해 줄 수 있습니다. 예를 들어, 새로운 일을 시작하거나 새로운 사랑을 찾은 이에게 칼란디바를 선물하는 것은 그들의 새로운 출발에 대한 응원과 격려의 마음을 전달하는 데 적합합니다."
제라늄,빨간색,1,1,1,0,은은한향,7000,화분,그대가 있어 행복합니다,X,"제라늄의 꽃말 ""그대가 있어 행복합니다""는 깊은 애정과 감사의 감정을 표현합니다. 이 꽃은 상대방에 대한 진심어린 사랑과 그 존재만으로도 큰 기쁨을 느끼는 마음을 나타내며, 서로를 소중히 여기는 관계에서 주고받기에 적합합니다. 따라서, 오랜 시간 동안 변함없는 애정을 가지고 서로를 응원하고, 위로하는 연인이나 친구, 가족에게 제라늄을 선물하는 것이 이상적입니다. 이 꽃은 성실함, 순수함, 그리고 포기하지 않는 우정이나 사랑을 상징하며, 그런 깊은 유대감을 표현하는 데 탁월합니다."
제라늄,분홍색,1,1,1,0,은은한향,7000,화분,그대가 있어 행복합니다,X,"제라늄의 꽃말 ""그대가 있어 행복합니다""는 주변에 있는 사람들 덕분에 깊은 감사와 기쁨을 느끼고 있음을 표현합니다. 이 꽃은 사랑과 우정에서 오는 따뜻함과 안정감을 간직한 채, 상대방에게 자신의 행복이 그들 덕분임을 알리고자 할 때 특히 적합합니다. 따라서, 오랜 시간 동안 변함없는 지지와 사랑을 보여준 친구, 가족 또는 연인에게 감사의 마음을 전달하고 싶을 때 제라늄을 선물하는 것이 좋습니다."
칼라디움,초록색,0,1,0,0,무향,10000,화분,"환희, 기쁨, 즐거움",X,"칼라디움의 꽃말인 환희, 기쁨, 즐거움은 깊은 내적 만족과 삶의 밝은 순간들을 상징합니다. 이 꽃은 그 자체로 세상의 아름다움과 긍정적인 에너지를 표현하며, 주변에 긍정적인 영향을 미치는 사람들에게 특히 적합합니다. 따라서, 새로운 시작을 축하하거나, 성취를 기념하고자 할 때, 또는 단순히 일상의 즐거움을 공유하고자 하는 친구나 동료에게 칼라디움을 선물하는 것이 좋습니다."
칼라디움,분홍색,0,1,0,0,무향,10000,화분,"환희, 기쁨, 즐거움",X,"칼라디움의 꽃말인 환희, 기쁨, 즐거움은 삶의 긍정적인 순간들과 감정의 축하를 상징합니다. 이 꽃은 특히 삶의 중대한 성취나 행복한 사건을 경험한 사람에게 적합하며, 그들의 기쁨과 행복을 공유하고 그 순간을 함께 축하하기 위한 선물로 이상적입니다. 칼라디움은 졸업, 새로운 직업, 결혼 등 인생의 새로운 시작과 긍정적 변화를 축하할 때 특히 의미가 깊습니다."
포인트세티아,빨간색,0,0,0,1,무향,15000,화분,제 마음은 불타오르고 있어요,X,"1. 포인트세티아의 꽃말 ""제 마음은 불타오르고 있어요""는 격렬하고 열정적인 감정을 표현합니다. 이는 사랑과 열정, 그리고 어떤 목표나 이상에 대한 강렬한 집념을 나타내며, 내면의 뜨거운 감정을 외부로 드러내고자 할 때 사용됩니다.

2. 이 꽃은 열정적인 사랑을 고백하고자 할 때, 또는 어떤 중대한 목표나 꿈을 향해 불타고 있는 친구나 동료에게 격려의 의미로 전달하기에 적합합니다. 특히, 강렬한 감정을 가진 사람이 그의 뜨거운 마음을 솔직하게 표현하고자 할 때 효과적입니다.

3. 키워드: 열정, 집념, 사랑의 고백, 목표 지향성, 내면의 불꽃"
크루시아,초록색,1,1,1,0,무향,13000,화분,변함없는 사랑,X,"1. 크루시아의 꽃말인 ""변함없는 사랑""은 시간이나 상황에 흔들리지 않는 깊고 견고한 애정을 의미합니다. 이 꽃은 일관된 사랑과 믿음을 상징하며, 어떠한 외부 조건에도 흔들리지 않는 강한 정서적 연결을 나타냅니다.

2. 크루시아는 오랜 시간을 함께한 파트너나 오랜 기간 동안 변함없이 자신을 지지해준 친구나 가족에게 선물하기에 적절합니다. 특히, 시련을 겪은 후에 서로에 대한 믿음과 사랑이 여전함을 확인하고 싶을 때 크루시아는 감정의 깊이와 변하지 않는 애정을 표현하는 데 매우 효과적입니다.

3. 키워드: 변함없음, 깊은 애정, 견고함, 일관성, 감정의 안정성"
아글라오네마,초록색,1,1,0,0,무향,13000,화분,"행운, 행복, 부귀",X,"아글라오네마의 꽃말인 행운, 행복, 부귀는 삶의 다양한 측면에서 긍정적인 변화와 풍요로움을 기대할 수 있음을 의미합니다. 이 꽃은 특히 새로운 시작이나 중요한 전환점에 있는 사람들에게 격려와 지지의 메시지를 전달하기에 적합합니다. 예를 들어, 새 직장을 시작한 친구나 새로운 사업을 창업한 가족 구성원에게 아글라오네마를 선물하면 그들의 새로운 도전에 행운과 번영이 함께하기를 바라는 마음을 표현할 수 있습니다."
베고니아,빨간색,1,1,1,0,은은한향,9000,화분,당신을 짝사랑합니다,X,"베고니아의 꽃말 ""당신을 짝사랑합니다""는 내면의 깊고 순수한 감정, 보이지 않는 곳에서 피어나는 애틋함과 한결같은 마음을 나타냅니다. 이 꽃은 자신의 감정을 드러내지 못하고 마음 속에만 간직한 채 조용히 바라보는 이들의 순수하고 은밀한 사랑을 상징합니다. 베고니아는 이루어질 수 없는 사랑을 품고 있지만 포기하지 않는 섬세한 마음을 가진 사람에게, 혹은 조용히 마음을 전하고 싶은 순간에 적합한 선물입니다."
베고니아,분홍색,1,1,1,0,은은한향,9000,화분,당신을 짝사랑합니다,X,"베고니아의 꽃말인 ""당신을 짝사랑합니다""는 순수하고 은밀한 감정의 표현입니다. 이는 고백하기 어려운 진심 어린 마음을 상징하며, 자신의 감정을 고백하기 전의 떨림과 설렘을 내포하고 있습니다. 따라서 베고니아는 마음 속 깊이 간직한 사랑을 품고 있지만 아직 그 감정을 드러내기 어려워하는 사람에게 이상적인 선물이 될 수 있으며, 재치 있고 섬세한 방식으로 자신의 마음을 전달하고자 할 때 특히 적합합니다."
프림로즈,노란색,1,0,0,0,은은한향,9000,화분,"희망, 행복의 열쇠",X,"프림로즈의 꽃말인 '희망'과 '행복의 열쇠'는 어두운 상황 속에서도 빛을 잃지 않고, 앞으로 나아갈 길을 밝혀주는 긍정과 기대를 상징합니다. 이 꽃은 특히 어려운 시기를 겪고 있는 사람에게 적절하며, 그들에게 미래에 대한 낙관적인 전망과 작은 기쁨이 큰 행복으로 이어질 수 있음을 상기시켜줍니다. 프림로즈는 희망과 재기의 아이콘으로, 포기하지 않는 마음과 삶의 소중한 순간들을 찾아내는 섬세함을 표현하는데 이상적입니다."
팬지,보라색,1,0,0,0,은은한향,7000,화분,나를 생각해주세요,X,"1. 팬지의 꽃말인 ""나를 생각해주세요""는 애절하고 간절한 감정을 전달합니다. 이는 사랑하거나 그리워하는 사람에게 자신을 잊지 말고 자주 생각해달라는 순수하고 진심 어린 요청을 담고 있습니다.

2. 팬지는 장거리 연애 중인 연인이나 오랜 시간 만나지 못하는 친구, 가족에게 보내기 적합한 꽃입니다. 특히, 서로의 존재를 자주 상기시키고 싶은 마음을 표현할 때, 이 꽃은 그리움과 애정을 담아 상대방에게 따뜻한 마음을 전달하는 데 탁월합니다.

3. 키워드: 그리움, 애정, 순수함, 진심, 기억"
팬지,노란색,1,0,0,0,은은한향,7000,화분,나를 생각해주세요,X,"팬지의 꽃말 ""나를 생각해주세요""는 애절하고 간절한 감정을 내포하고 있습니다. 이는 기억 속에 오래 머물기를 바라는 순수한 마음과 상대방에 대한 깊은 애정을 표현합니다. 따라서 팬지는 오랜 시간 함께하지 못하는 이별의 순간이나, 장거리 연애 중인 연인에게 이상적인 선물이 될 수 있으며, 그리움과 사랑의 감정을 전달하는 데 효과적입니다."
루피너스,파란색,1,1,0,0,은은한향,11000,화분,모성애,X,"루피너스의 꽃말인 '모성애'는 따뜻함, 보호, 무조건적인 사랑과 헌신을 상징합니다. 이 꽃은 자녀에게 끊임없이 격려와 지지를 보내는 어머니의 순수하고 강인한 사랑을 의미하며, 어머니의 자애로운 마음과 희생을 표현하는 데 적합합니다. 어머니의 날, 혹은 어머니가 중요한 결정 또는 어려운 시기를 겪고 있을 때 이 꽃을 선물하면 그녀의 노고를 인정하고 감사의 마음을 전하는 데 이상적입니다."
아이비제라늄,빨간색,1,1,0,0,은은한향,8500,화분,진실한 애정,X,"아이비제라늄의 꽃말인 ""진실한 애정""은 깊고 변하지 않는 사랑과 충성을 상징합니다. 이 꽃은 서로에 대한 신뢰와 의리가 깊은 관계에서 매우 의미 있게 다가올 것입니다. 예를 들어, 오랜 기간 동안 깊은 우정을 유지해온 친구나, 흔들림 없이 서로를 지지해 온 연인에게 이 꽃을 선물한다면, 그들의 순수하고 변치 않는 애정을 아름답게 표현할 수 있습니다."
호야,하얀색,1,1,0,0,무향,25000,화분,이상적인사랑,X,"호야의 꽃말인 '이상적인 사랑'은 완벽하고 조건 없는 애정을 상징합니다. 이 꽃은 진정으로 사랑하고, 또 그 사랑이 이상적이며 순수한 형태로 표현되길 바라는 마음을 담고 있습니다. 이상적인 사랑을 추구하는 순수하고 성실한 감정을 가진 사람, 혹은 장기간 함께하며 깊은 연대감과 이해를 쌓아온 파트너에게 이 꽃을 선물하는 것은 그들의 관계가 이상적인 사랑을 향해 나아가고 있음을 보여주는 감정적인 표현이 될 것입니다."
호야,분홍색,1,1,0,0,무향,25000,화분,이상적인사랑,X,"호야의 꽃말인 '이상적인 사랑'은 완벽하고 이상적인 관계를 추구하는 깊고 순수한 감정을 나타냅니다. 이 꽃은 모든 면에서 상대방에 대한 높은 이해와 존중, 그리고 무조건적인 사랑을 표현하고자 하는 이들에게 적합합니다. 예를 들어, 오랜 시간 동안 깊은 애정과 신뢰를 쌓아온 연인이나 배우자에게 이 꽃을 선물하면, 그들의 이상적이고 완벽한 관계를 더욱 돈독히 하는 데에 큰 의미를 전할 수 있습니다."
알로카시아,초록색,1,1,0,0,무향,15000,화분,"번영, 발전",X,"알로카시아의 꽃말인 번영과 발전은 지속적인 성장과 풍요로움을 상징합니다. 이 꽃은 끊임없이 자신의 목표와 꿈을 향해 나아가는 이들, 특히 새로운 사업을 시작하거나 새로운 경력의 길에 발을 디딘 사람들에게 특히 의미 깊은 선물이 될 수 있습니다. 이 꽃을 선물함으로써, 그들의 노력이 결실을 맺고 번창하기를 바라는 진심 어린 지지와 격려의 메시지를 전달할 수 있습니다."
알로카시아,회색,1,1,0,0,무향,15000,화분,"번영, 발전",X,"알로카시아의 꽃말인 '번영'과 '발전'은 성장과 풍요의 상징입니다. 이 꽃은 진취적이고 끊임없이 자신을 개발하려는 사람에게 매우 적합합니다. 예를 들어, 새로운 사업을 시작하거나 새로운 경력 단계에 도전하는 친구나 동료에게 알로카시아를 선물하면 그들의 노력을 응원하고 풍성한 성과를 기원하는 의미를 전달할 수 있습니다. 이 꽃은 그들의 성실함과 재능을 높이 평가하며, 앞으로도 포기하지 않고 발전해 나가길 바라는 마음을 담아 줄 수 있습니다."
산세베리아,초록색,0,1,0,0,무향,12000,화분,관용,X,"산세베리아의 꽃말인 '관용'은 포용력과 너그러움, 그리고 상대방의 단점이나 실수를 이해하고 용서할 수 있는 마음의 여유를 상징합니다. 이 꽃은 감정의 충돌이나 오해가 있었던 사이를 회복하고자 할 때, 또는 타인의 결점을 받아들이며 화합을 도모하고자 하는 상황에서 특히 의미 있는 선물이 될 수 있습니다. 산세베리아는 그 자체로도 내구성이 강하고 관리가 용이하다는 점에서, 관용과 인내의 감정을 잘 표현해 줄 수 있는 꽃입니다."
산세베리아,노란색,0,1,0,0,무향,12000,화분,관용,X,"산세베리아의 꽃말인 '관용'은 부드러움과 너그러움을 상징합니다. 이 꽃은 갈등이나 오해가 있는 관계에서 용서와 이해의 중요성을 상기시켜 주는 역할을 할 수 있습니다. 따라서, 오랜 시간 의견 충돌이 있었던 친구나 가족 구성원에게 화해의 제스처로 산세베리아를 선물하는 것은 그들에게 관용과 포용의 감정을 전달하는 훌륭한 방법이 될 수 있습니다."
스파트필름,하얀색,1,1,0,0,무향,15000,화분,감싸는사랑,X,"스파트필름의 꽃말인 '감싸는 사랑'은 보호와 포용, 진정한 애정을 표현하는 감정을 담고 있습니다. 이 꽃은 따뜻하고 포근한 사랑을 느끼게 해주며, 마치 언제나 지지해주고 보호해주는 모습을 상징합니다. 이 꽃은 특히 어려운 시기를 겪고 있는 사람에게 힘과 위로를 주고 싶을 때, 또는 무조건적인 사랑과 지지를 보여주고 싶은 가족이나 친구에게 선물하기에 적합합니다."
스파트필름,초록색,1,1,0,0,무향,15000,화분,감싸는사랑,X,"스파트필름의 꽃말인 '감싸는 사랑'은 따뜻하고 포용적인 감정을 표현합니다. 이 꽃은 사랑과 보호, 그리고 안정감을 주는 상징으로, 어려움을 겪고 있는 친구나 가족에게 보내기에 적합합니다. 이는 그들에게 당신의 지지와 사랑이 항상 그들을 감싸 안고 있다는 메시지를 전달함으로써, 위로와 희망을 선사할 수 있습니다."
안스리움,하얀색,1,1,1,1,무향,20000,화분,꾸미지 않은 아름다움,X,"안스리움의 꽃말인 ""꾸미지 않은 아름다움""은 내면에서 우러나오는 자연스러운 매력과 진정성을 강조합니다. 이는 겉모습보다는 본질과 성실함을 중시하는 깊은 감정의 표현입니다. 

이 꽃은 겉모습에 치중하지 않고 진실된 자신의 모습을 소중히 여기는 사람, 혹은 어떤 상황에서도 자신의 본모습을 지키려는 이들에게 매우 적합합니다. 예를 들어, 진솔한 우정을 나누고 싶은 친구나, 진정성을 중요시하는 연인에게 선물하기 좋습니다."
안스리움,빨간색,1,1,1,1,무향,20000,화분,꾸미지 않은 아름다움,X,"1. 안스리움의 꽃말인 ""꾸미지 않은 아름다움""은 자연스럽고 솔직한 내면의 아름다움을 강조합니다. 이는 겉모습이나 외적인 장식에 의존하지 않고, 본연의 매력과 순수함을 소중히 여기는 감정을 표현합니다.

2. 이 꽃은 진솔하고 자연스러운 매력을 가진 사람, 또는 진정성과 솔직함을 중요시하는 관계에 아주 적합합니다. 예를 들어, 오랜 친구에게 진심을 전하거나, 겉모습이 아닌 내면을 중시하는 연인에게 선물하는 상황에서 특별한 의미를 더할 수 있습니다.

3. 키워드: 자연스러움, 진솔함, 순수함"
드라세나,초록색,1,1,1,0,무향,17000,화분,장고한 행운,X,"드라세나의 꽃말인 '장고한 행운'은 오랜 시간 동안 꾸준히 이어지는 좋은 운을 의미합니다. 이 꽃은 인내와 끈기를 가지고 자신의 목표를 향해 나아가는 사람들에게 특히 의미가 깊습니다. 예를 들어, 새로운 사업을 시작하는 친구나 오랜 기간 동안 꿈을 추구해 온 이에게 선물로 주면 그들의 노력이 결실을 맺기를 바라는 마음을 표현할 수 있습니다."
드라세나,노란색,1,1,1,0,무향,17000,화분,장고한 행운,X,"드라세나의 꽃말인 '장고한 행운'은 장기간에 걸쳐 지속되는 행운과 복을 상징합니다. 이 꽃은 인내와 지속적인 노력이 결실을 맺는 것을 의미하며, 그 과정에서 긍정적인 변화와 발전을 기대할 수 있음을 나타냅니다. 따라서, 새로운 사업을 시작하거나 중요한 시험을 앞두고 있는 사람에게 이 꽃을 선물하면, 오랜 시간 동안 계속될 성공과 행운을 기원하는 의미로 적합할 것입니다."
로즈마리,초록색,1,0,0,0,강한향,10000,화분,나를 생각해요,X,"로즈마리의 꽃말인 ""나를 생각해요""는 누군가에 대한 지속적인 기억과 그 사람을 향한 미묘하면서도 깊은 애정을 표현합니다. 이 꽃은 그리움과 애정이 깃든 감정을 전달하고 싶을 때, 특히 장거리 연인이나 오랜 시간을 함께하지 못한 사랑하는 사람에게 적합합니다. 로즈마리는 성실함과 순수한 마음을 상징하며, 받는 이로 하여금 보내는 이의 깊은 정성과 사랑을 느끼게 해줍니다."
페페로미아,초록색,1,1,0,0,무향,12000,화분,행운과 함께하는 사랑,X,"페페로미아의 꽃말 ""행운과 함께하는 사랑""은 기쁨과 긍정적인 에너지를 전달하는 감정을 내포하고 있습니다. 이 꽃은 사랑하는 사람이 새로운 시작을 하는 중요한 순간, 예를 들어 새로운 직장을 얻었거나 결혼을 앞두고 있을 때 그들에게 행운을 기원하며 전달하기에 적절합니다. 키워드로는 희망, 축하, 지지, 긍정적 에너지가 포함됩니다. 이 꽃은 사랑과 함께하는 행운을 기원하는 마음을 표현하는 데 아주 적합한 선물이 됩니다."
디펜바키아,초록색,1,0,0,0,무향,16000,화분,변치않는 사랑,X,"디펜바키아의 꽃말인 '변치않는 사랑'은 깊고 변함없는 애정과 헌신을 상징합니다. 이는 관계에서의 지속적인 신뢰와 충성을 의미하며, 사랑하는 이들 사이에서 서로에 대한 믿음과 애정이 시간이 지나도 변하지 않음을 나타냅니다. 이 꽃은 장기간에 걸친 파트너십이나 오랜 친구, 가족 구성원에게 특히 적합하며, 그들에게 변함없는 사랑과 지지를 표현하고자 할 때 주는 것이 좋습니다."
필로덴드론,초록색,1,0,0,0,무향,14000,화분,나를 사랑해줘요,X,"필로덴드론의 꽃말 ""나를 사랑해줘요""는 강렬하고 직접적인 애정의 표현과 함께, 약간의 취약성과 연민을 내포하고 있습니다. 이 꽃은 애정을 갈망하는 감정을 상징하며, 상대방에게 자신의 감정을 솔직하게 드러내고 그 마음이 받아들여지기를 바라는 내면의 소망을 표현합니다. 따라서, 필로덴드론은 자신의 사랑과 관심을 간절히 원하는 사람이나, 관계에서 더 깊은 애정과 인정을 추구하는 이에게 아주 적합한 선물이 될 수 있습니다."
